time,endpoint,response_time,status,method
2024-01-01 00:00:00,/api/v1/resource_15,144.03863077809893,400,POST
2024-01-01 00:01:00,/api/v1/resource_14,142.8532893738073,200,POST
2024-01-01 00:02:00,/api/v1/resource_7,138.86027726963758,500,GET
2024-01-01 00:03:00,/api/v1/resource_5,156.10806797674857,200,GET
2024-01-01 00:04:00,/api/v1/resource_20,144.6534217744049,200,GET
2024-01-01 00:05:00,/api/v1/resource_16,187.56349022063984,200,GET
2024-01-01 00:06:00,/api/v1/resource_17,162.43379887086095,401,POST
2024-01-01 00:07:00,/api/v1/resource_11,154.32007752917238,200,GET
2024-01-01 00:08:00,/api/v1/resource_15,148.33070178804616,200,POST
2024-01-01 00:09:00,/api/v1/resource_20,112.32701825186392,401,GET
2024-01-01 00:10:00,/api/v1/resource_16,149.9738983161192,401,DELETE
2024-01-01 00:11:00,/api/v1/resource_3,124.13887120723236,400,GET
2024-01-01 00:12:00,/api/v1/resource_6,163.8620410836926,200,GET
2024-01-01 00:13:00,/api/v1/resource_21,141.64563801789495,200,GET
2024-01-01 00:14:00,/api/v1/resource_23,216.57258485697244,201,GET
2024-01-01 00:15:00,/api/v1/resource_13,99.52197231089892,200,POST
2024-01-01 00:16:00,/api/v1/resource_1,25.97926738498524,200,POST
2024-01-01 00:17:00,/api/v1/resource_21,643.9133739243031,200,GET
2024-01-01 00:18:00,/api/v1/resource_14,124.27013641227884,500,GET
2024-01-01 00:19:00,/api/v1/resource_2,156.44242425651606,200,POST
2024-01-01 00:20:00,/api/v1/resource_2,100.5744870605059,201,GET
2024-01-01 00:21:00,/api/v1/resource_15,226.3583896506165,200,GET
2024-01-01 00:22:00,/api/v1/resource_18,134.5395518968138,201,PUT
2024-01-01 00:23:00,/api/v1/resource_9,121.68217716825698,200,GET
2024-01-01 00:24:00,/api/v1/resource_3,225.61968646707916,200,POST
2024-01-01 00:25:00,/api/v1/resource_4,183.6137260160164,200,POST
2024-01-01 00:26:00,/api/v1/resource_15,205.5804257647965,400,PUT
2024-01-01 00:27:00,/api/v1/resource_5,143.11292955682958,200,POST
2024-01-01 00:28:00,/api/v1/resource_20,151.87639232659427,400,GET
2024-01-01 00:29:00,/api/v1/resource_20,126.13094818002888,200,GET
2024-01-01 00:30:00,/api/v1/resource_5,121.46110324154628,200,PATCH
2024-01-01 00:31:00,/api/v1/resource_10,165.92954316235995,200,GET
2024-01-01 00:32:00,/api/v1/resource_16,135.26190579310477,200,POST
2024-01-01 00:33:00,/api/v1/resource_12,238.8327648147816,201,PUT
2024-01-01 00:34:00,/api/v1/resource_14,183.7010143132076,200,POST
2024-01-01 00:35:00,/api/v1/resource_22,225.33046267466972,500,GET
2024-01-01 00:36:00,/api/v1/resource_11,60.85279262298586,500,GET
2024-01-01 00:37:00,/api/v1/resource_19,225.81684027148788,200,GET
2024-01-01 00:38:00,/api/v1/resource_6,54.602144759060224,200,GET
2024-01-01 00:39:00,/api/v1/resource_10,99.56355457292736,200,PATCH
2024-01-01 00:40:00,/api/v1/resource_20,79.89411935469514,500,POST
2024-01-01 00:41:00,/api/v1/resource_3,159.72196561387406,200,POST
2024-01-01 00:42:00,/api/v1/resource_22,149.27211809873563,200,GET
2024-01-01 00:43:00,/api/v1/resource_15,54.421595053929344,201,GET
2024-01-01 00:44:00,/api/v1/resource_11,146.46142873463262,200,GET
2024-01-01 00:45:00,/api/v1/resource_22,199.00401169871748,200,GET
2024-01-01 00:46:00,/api/v1/resource_2,112.69226985876516,200,GET
2024-01-01 00:47:00,/api/v1/resource_24,199.9265124507357,200,GET
2024-01-01 00:48:00,/api/v1/resource_6,148.77037306556883,200,GET
2024-01-01 00:49:00,/api/v1/resource_17,244.23440802592336,200,GET
2024-01-01 00:50:00,/api/v1/resource_18,184.8762803984685,401,PATCH
2024-01-01 00:51:00,/api/v1/resource_4,137.85353321913698,200,GET
2024-01-01 00:52:00,/api/v1/resource_23,148.63708166122888,200,POST
2024-01-01 00:53:00,/api/v1/resource_9,109.63536462337493,200,GET
2024-01-01 00:54:00,/api/v1/resource_10,164.37440652087076,200,GET
2024-01-01 00:55:00,/api/v1/resource_21,137.83215278475217,200,GET
2024-01-01 00:56:00,/api/v1/resource_2,592.6695345612893,200,POST
2024-01-01 00:57:00,/api/v1/resource_11,96.48003369678293,200,GET
2024-01-01 00:58:00,/api/v1/resource_11,136.81308817443843,200,GET
2024-01-01 00:59:00,/api/v1/resource_11,103.61915415941344,200,PUT
2024-01-01 01:00:00,/api/v1/resource_1,106.10634304704726,200,GET
2024-01-01 01:01:00,/api/v1/resource_14,174.24200669062893,200,GET
2024-01-01 01:02:00,/api/v1/resource_1,194.98025352669137,200,GET
2024-01-01 01:03:00,/api/v1/resource_21,56.69818634988496,200,GET
2024-01-01 01:04:00,/api/v1/resource_23,224.4749812571363,200,POST
2024-01-01 01:05:00,/api/v1/resource_9,206.16348574861215,200,POST
2024-01-01 01:06:00,/api/v1/resource_24,96.13297109053303,200,GET
2024-01-01 01:07:00,/api/v1/resource_1,66.40925861409139,401,GET
2024-01-01 01:08:00,/api/v1/resource_21,131.59256032701697,200,PUT
2024-01-01 01:09:00,/api/v1/resource_22,146.07597732278404,200,GET
2024-01-01 01:10:00,/api/v1/resource_22,174.08218230538313,200,DELETE
2024-01-01 01:11:00,/api/v1/resource_4,169.19983408556087,404,GET
2024-01-01 01:12:00,/api/v1/resource_1,127.08015234931806,200,POST
2024-01-01 01:13:00,/api/v1/resource_19,126.9107077293315,401,DELETE
2024-01-01 01:14:00,/api/v1/resource_10,674.7043251994099,400,POST
2024-01-01 01:15:00,/api/v1/resource_15,195.71310313665848,200,GET
2024-01-01 01:16:00,/api/v1/resource_20,75.52735314146018,200,POST
2024-01-01 01:17:00,/api/v1/resource_4,143.52343784379798,200,POST
2024-01-01 01:18:00,/api/v1/resource_20,212.9018761944422,200,POST
2024-01-01 01:19:00,/api/v1/resource_14,178.14814203632562,200,GET
2024-01-01 01:20:00,/api/v1/resource_5,192.03856220665463,201,POST
2024-01-01 01:21:00,/api/v1/resource_15,144.07765551044713,200,GET
2024-01-01 01:22:00,/api/v1/resource_15,103.45747281095814,200,GET
2024-01-01 01:23:00,/api/v1/resource_16,152.22750228282257,400,POST
2024-01-01 01:24:00,/api/v1/resource_16,122.44257843329684,200,GET
2024-01-01 01:25:00,/api/v1/resource_4,239.22746050914304,500,PUT
2024-01-01 01:26:00,/api/v1/resource_9,143.67292697570488,200,DELETE
2024-01-01 01:27:00,/api/v1/resource_1,175.49835972419908,200,DELETE
2024-01-01 01:28:00,/api/v1/resource_5,218.0956814059176,200,POST
2024-01-01 01:29:00,/api/v1/resource_9,106.13003269333824,400,GET
2024-01-01 01:30:00,/api/v1/resource_20,58.81080779455804,200,GET
2024-01-01 01:31:00,/api/v1/resource_5,169.60054997652438,404,GET
2024-01-01 01:32:00,/api/v1/resource_4,177.13309583134512,200,GET
2024-01-01 01:33:00,/api/v1/resource_16,602.5753287404794,404,GET
2024-01-01 01:34:00,/api/v1/resource_2,103.74987075427492,400,POST
2024-01-01 01:35:00,/api/v1/resource_16,162.39276422283714,401,GET
2024-01-01 01:36:00,/api/v1/resource_18,149.0501335089158,200,GET
2024-01-01 01:37:00,/api/v1/resource_2,162.88805723329168,200,POST
2024-01-01 01:38:00,/api/v1/resource_16,32.47855284456743,200,GET
2024-01-01 01:39:00,/api/v1/resource_1,32.47855284456743,200,GET
2024-01-01 01:40:00,/api/v1/resource_16,622.8857954635059,200,GET
2024-01-01 01:41:00,/api/v1/resource_3,89.76447644060313,201,POST
2024-01-01 01:42:00,/api/v1/resource_15,208.41666434658225,200,POST
2024-01-01 01:43:00,/api/v1/resource_11,160.17971096870752,404,POST
2024-01-01 01:44:00,/api/v1/resource_10,184.0377794366025,200,GET
2024-01-01 01:45:00,/api/v1/resource_17,98.84277485069832,200,POST
2024-01-01 01:46:00,/api/v1/resource_4,177.3033995350995,200,POST
2024-01-01 01:47:00,/api/v1/resource_17,84.21432925181422,400,GET
2024-01-01 01:48:00,/api/v1/resource_4,112.07013493339664,200,GET
2024-01-01 01:49:00,/api/v1/resource_19,160.53469714010845,404,POST
2024-01-01 01:50:00,/api/v1/resource_1,138.96199338430537,200,GET
2024-01-01 01:51:00,/api/v1/resource_14,151.0998867508891,404,POST
2024-01-01 01:52:00,/api/v1/resource_24,849.1465286151321,200,GET
2024-01-01 01:53:00,/api/v1/resource_11,733.7966639116745,200,POST
2024-01-01 01:54:00,/api/v1/resource_7,178.38806875510346,200,GET
2024-01-01 01:55:00,/api/v1/resource_17,147.32936284816435,401,GET
2024-01-01 01:56:00,/api/v1/resource_4,146.1446118732924,200,GET
2024-01-01 01:57:00,/api/v1/resource_10,110.86928693082628,404,DELETE
2024-01-01 01:58:00,/api/v1/resource_17,164.72488901891873,200,PUT
2024-01-01 01:59:00,/api/v1/resource_4,251.4191767474376,201,POST
2024-01-01 02:00:00,/api/v1/resource_19,153.5145189337291,200,POST
2024-01-01 02:01:00,/api/v1/resource_18,139.31967995142173,200,GET
2024-01-01 02:02:00,/api/v1/resource_17,195.60562240209225,200,POST
2024-01-01 02:03:00,/api/v1/resource_6,617.7867607133181,404,GET
2024-01-01 02:04:00,/api/v1/resource_7,167.56229588515035,500,GET
2024-01-01 02:05:00,/api/v1/resource_6,137.66524744203016,200,GET
2024-01-01 02:06:00,/api/v1/resource_12,195.77709838576496,404,GET
2024-01-01 02:07:00,/api/v1/resource_9,154.8372000564781,200,GET
2024-01-01 02:08:00,/api/v1/resource_18,186.55041608631575,201,GET
2024-01-01 02:09:00,/api/v1/resource_2,117.22810240733835,200,GET
2024-01-01 02:10:00,/api/v1/resource_17,126.53160367404853,200,POST
2024-01-01 02:11:00,/api/v1/resource_21,153.87520031394212,200,GET
2024-01-01 02:12:00,/api/v1/resource_1,100.59170937926083,200,GET
2024-01-01 02:13:00,/api/v1/resource_23,547.9594861872023,200,PUT
2024-01-01 02:14:00,/api/v1/resource_9,98.81844194751288,400,GET
2024-01-01 02:15:00,/api/v1/resource_6,88.20989139534927,200,PUT
2024-01-01 02:16:00,/api/v1/resource_2,247.439707058656,404,POST
2024-01-01 02:17:00,/api/v1/resource_6,125.64100955255934,400,GET
2024-01-01 02:18:00,/api/v1/resource_9,129.15868285648713,200,GET
2024-01-01 02:19:00,/api/v1/resource_3,153.2087639599657,200,GET
2024-01-01 02:20:00,/api/v1/resource_16,381.07803853135846,200,GET
2024-01-01 02:21:00,/api/v1/resource_24,129.9332770845708,404,GET
2024-01-01 02:22:00,/api/v1/resource_15,223.3763667400579,500,GET
2024-01-01 02:23:00,/api/v1/resource_12,164.32398331564988,400,GET
2024-01-01 02:24:00,/api/v1/resource_23,189.4432696972853,200,POST
2024-01-01 02:25:00,/api/v1/resource_8,212.94372133339792,400,GET
2024-01-01 02:26:00,/api/v1/resource_6,158.4259794545575,200,PUT
2024-01-01 02:27:00,/api/v1/resource_3,141.1501797379432,200,GET
2024-01-01 02:28:00,/api/v1/resource_23,92.64582169446813,200,PUT
2024-01-01 02:29:00,/api/v1/resource_4,746.8807910475593,401,GET
2024-01-01 02:30:00,/api/v1/resource_10,143.50008942657405,500,POST
2024-01-01 02:31:00,/api/v1/resource_14,399.81162794960017,200,GET
2024-01-01 02:32:00,/api/v1/resource_21,211.80901637485496,400,POST
2024-01-01 02:33:00,/api/v1/resource_24,194.09178251282043,401,GET
2024-01-01 02:34:00,/api/v1/resource_15,189.4216869630546,200,GET
2024-01-01 02:35:00,/api/v1/resource_7,145.35189438964886,200,GET
2024-01-01 02:36:00,/api/v1/resource_7,108.67872597383212,200,GET
2024-01-01 02:37:00,/api/v1/resource_8,203.120060568684,200,GET
2024-01-01 02:38:00,/api/v1/resource_10,543.4270053597334,200,GET
2024-01-01 02:39:00,/api/v1/resource_19,180.923294894171,200,GET
2024-01-01 02:40:00,/api/v1/resource_19,174.76989338332083,401,GET
2024-01-01 02:41:00,/api/v1/resource_2,162.4250901742866,200,POST
2024-01-01 02:42:00,/api/v1/resource_15,229.98463266032837,200,PATCH
2024-01-01 02:43:00,/api/v1/resource_1,545.3934143841012,200,GET
2024-01-01 02:44:00,/api/v1/resource_10,137.64281792635254,200,POST
2024-01-01 02:45:00,/api/v1/resource_6,215.64634407021288,500,POST
2024-01-01 02:46:00,/api/v1/resource_22,153.2825366202962,200,GET
2024-01-01 02:47:00,/api/v1/resource_13,144.96266266081932,200,GET
2024-01-01 02:48:00,/api/v1/resource_10,139.87971460804894,401,GET
2024-01-01 02:49:00,/api/v1/resource_12,177.17210451775037,200,DELETE
2024-01-01 02:50:00,/api/v1/resource_24,140.82860695647648,400,GET
2024-01-01 02:51:00,/api/v1/resource_6,136.33786671934814,200,POST
2024-01-01 02:52:00,/api/v1/resource_6,176.51262465600138,200,POST
2024-01-01 02:53:00,/api/v1/resource_1,153.7302866555215,404,GET
2024-01-01 02:54:00,/api/v1/resource_12,109.62212038982078,200,GET
2024-01-01 02:55:00,/api/v1/resource_23,151.2806567054095,200,POST
2024-01-01 02:56:00,/api/v1/resource_23,205.78126007851105,200,GET
2024-01-01 02:57:00,/api/v1/resource_10,180.61224583646495,200,GET
2024-01-01 02:58:00,/api/v1/resource_14,210.71918685694516,404,GET
2024-01-01 02:59:00,/api/v1/resource_15,120.74800283429822,400,PATCH
2024-01-01 03:00:00,/api/v1/resource_23,192.80919098988124,200,GET
2024-01-01 03:01:00,/api/v1/resource_24,124.05932536143445,200,POST
2024-01-01 03:02:00,/api/v1/resource_4,100.70428315756229,400,GET
2024-01-01 03:03:00,/api/v1/resource_1,117.87745133046224,404,GET
2024-01-01 03:04:00,/api/v1/resource_8,155.25641053577854,200,DELETE
2024-01-01 03:05:00,/api/v1/resource_3,191.1180619929392,404,POST
2024-01-01 03:06:00,/api/v1/resource_14,162.4166257834626,200,GET
2024-01-01 03:07:00,/api/v1/resource_17,143.86873282532434,200,POST
2024-01-01 03:08:00,/api/v1/resource_2,363.66444476847266,500,GET
2024-01-01 03:09:00,/api/v1/resource_15,178.21325326265008,200,POST
2024-01-01 03:10:00,/api/v1/resource_6,188.54490543157263,200,GET
2024-01-01 03:11:00,/api/v1/resource_5,161.93134426105556,200,PUT
2024-01-01 03:12:00,/api/v1/resource_14,107.9072550404194,200,POST
2024-01-01 03:13:00,/api/v1/resource_19,182.3483651874215,200,GET
2024-01-01 03:14:00,/api/v1/resource_9,199.08978970379013,201,DELETE
2024-01-01 03:15:00,/api/v1/resource_8,211.320674879112,200,PATCH
2024-01-01 03:16:00,/api/v1/resource_3,132.49211977097133,200,GET
2024-01-01 03:17:00,/api/v1/resource_18,167.45219423204796,200,PUT
2024-01-01 03:18:00,/api/v1/resource_8,128.61872967909662,200,PUT
2024-01-01 03:19:00,/api/v1/resource_16,113.10554256886306,200,POST
2024-01-01 03:20:00,/api/v1/resource_15,213.32816713133315,200,PATCH
2024-01-01 03:21:00,/api/v1/resource_21,172.58268778708802,200,GET
2024-01-01 03:22:00,/api/v1/resource_15,201.70990526577316,500,POST
2024-01-01 03:23:00,/api/v1/resource_16,101.00699639716032,200,PUT
2024-01-01 03:24:00,/api/v1/resource_1,161.53676299636135,404,GET
2024-01-01 03:25:00,/api/v1/resource_10,170.3319626459923,200,GET
2024-01-01 03:26:00,/api/v1/resource_19,116.7128550854149,400,GET
2024-01-01 03:27:00,/api/v1/resource_5,209.51353864100804,200,PUT
2024-01-01 03:28:00,/api/v1/resource_18,140.17919529781724,400,POST
2024-01-01 03:29:00,/api/v1/resource_3,61.82893617296516,200,GET
2024-01-01 03:30:00,/api/v1/resource_4,127.98966469393332,500,GET
2024-01-01 03:31:00,/api/v1/resource_4,26.696848229129735,200,GET
2024-01-01 03:32:00,/api/v1/resource_11,186.52240376737265,400,GET
2024-01-01 03:33:00,/api/v1/resource_9,165.16284189617429,401,POST
2024-01-01 03:34:00,/api/v1/resource_1,159.49006748479158,201,GET
2024-01-01 03:35:00,/api/v1/resource_16,138.87325379608222,200,PUT
2024-01-01 03:36:00,/api/v1/resource_9,164.07318573278408,200,POST
2024-01-01 03:37:00,/api/v1/resource_11,200.64949750489663,401,DELETE
2024-01-01 03:38:00,/api/v1/resource_6,122.64761843443394,200,GET
2024-01-01 03:39:00,/api/v1/resource_17,172.41090639955564,200,PATCH
2024-01-01 03:40:00,/api/v1/resource_12,158.0996100403624,200,GET
2024-01-01 03:41:00,/api/v1/resource_22,142.6234170521625,200,POST
2024-01-01 03:42:00,/api/v1/resource_8,84.1777344200557,200,POST
2024-01-01 03:43:00,/api/v1/resource_16,149.52029945776647,200,GET
2024-01-01 03:44:00,/api/v1/resource_5,44.222000299703986,200,GET
2024-01-01 03:45:00,/api/v1/resource_21,162.9588967629963,200,GET
2024-01-01 03:46:00,/api/v1/resource_1,92.45304010435952,200,POST
2024-01-01 03:47:00,/api/v1/resource_17,199.88220589814657,201,GET
2024-01-01 03:48:00,/api/v1/resource_24,50.57852960154293,200,PATCH
2024-01-01 03:49:00,/api/v1/resource_21,145.62010804073824,200,GET
2024-01-01 03:50:00,/api/v1/resource_8,242.44305363300572,200,PATCH
2024-01-01 03:51:00,/api/v1/resource_10,116.81799220391528,500,GET
2024-01-01 03:52:00,/api/v1/resource_18,99.1160406892091,200,GET
2024-01-01 03:53:00,/api/v1/resource_15,109.40712790772471,200,GET
2024-01-01 03:54:00,/api/v1/resource_20,159.80555086578406,200,DELETE
2024-01-01 03:55:00,/api/v1/resource_13,78.86606755292068,200,POST
2024-01-01 03:56:00,/api/v1/resource_10,137.56348587163458,200,GET
2024-01-01 03:57:00,/api/v1/resource_9,267.3820133410075,400,GET
2024-01-01 03:58:00,/api/v1/resource_13,89.8470236400104,200,GET
2024-01-01 03:59:00,/api/v1/resource_3,128.11561961666783,200,POST
2024-01-01 04:00:00,/api/v1/resource_22,108.5572679970439,200,GET
2024-01-01 04:01:00,/api/v1/resource_23,138.60731462864135,401,POST
2024-01-01 04:02:00,/api/v1/resource_3,136.07371517762112,200,POST
2024-01-01 04:03:00,/api/v1/resource_1,123.21755081068213,200,DELETE
2024-01-01 04:04:00,/api/v1/resource_2,143.74780958522084,200,POST
2024-01-01 04:05:00,/api/v1/resource_11,175.32822358206067,200,GET
2024-01-01 04:06:00,/api/v1/resource_14,205.4138335920506,400,PATCH
2024-01-01 04:07:00,/api/v1/resource_10,138.6229805554611,200,GET
2024-01-01 04:08:00,/api/v1/resource_7,150.2314064403488,200,GET
2024-01-01 04:09:00,/api/v1/resource_23,168.53023313518844,200,PUT
2024-01-01 04:10:00,/api/v1/resource_1,100.56886333478016,200,GET
2024-01-01 04:11:00,/api/v1/resource_7,143.89395995352098,200,GET
2024-01-01 04:12:00,/api/v1/resource_15,129.77878008749562,401,GET
2024-01-01 04:13:00,/api/v1/resource_11,740.247132641455,200,GET
2024-01-01 04:14:00,/api/v1/resource_6,220.07301807943327,200,GET
2024-01-01 04:15:00,/api/v1/resource_22,548.0023585834765,200,GET
2024-01-01 04:16:00,/api/v1/resource_7,201.1996092048303,401,GET
2024-01-01 04:17:00,/api/v1/resource_7,91.6651022743428,200,PUT
2024-01-01 04:18:00,/api/v1/resource_1,158.0269473856989,500,POST
2024-01-01 04:19:00,/api/v1/resource_10,160.3998723829057,200,POST
2024-01-01 04:20:00,/api/v1/resource_21,90.64342224612216,200,POST
2024-01-01 04:21:00,/api/v1/resource_15,116.86292873632874,200,PUT
2024-01-01 04:22:00,/api/v1/resource_8,112.97116618122756,200,DELETE
2024-01-01 04:23:00,/api/v1/resource_24,336.4646085030414,200,PUT
2024-01-01 04:24:00,/api/v1/resource_19,43.35128358705069,200,PUT
2024-01-01 04:25:00,/api/v1/resource_3,141.71002207074895,200,GET
2024-01-01 04:26:00,/api/v1/resource_23,146.52904660771063,200,POST
2024-01-01 04:27:00,/api/v1/resource_15,146.2149810957836,200,POST
2024-01-01 04:28:00,/api/v1/resource_4,51.52160462680644,200,POST
2024-01-01 04:29:00,/api/v1/resource_6,72.48674721761729,400,GET
2024-01-01 04:30:00,/api/v1/resource_10,134.757995284836,200,GET
2024-01-01 04:31:00,/api/v1/resource_18,252.39911623417743,400,GET
2024-01-01 04:32:00,/api/v1/resource_16,185.47023651851148,200,DELETE
2024-01-01 04:33:00,/api/v1/resource_18,185.69854676910785,200,POST
2024-01-01 04:34:00,/api/v1/resource_6,109.33622152469036,500,GET
2024-01-01 04:35:00,/api/v1/resource_19,142.16384382721407,200,GET
2024-01-01 04:36:00,/api/v1/resource_17,58.00557361610451,200,POST
2024-01-01 04:37:00,/api/v1/resource_18,173.41929229216728,200,GET
2024-01-01 04:38:00,/api/v1/resource_13,206.01196274759073,200,GET
2024-01-01 04:39:00,/api/v1/resource_7,92.00809564231857,201,GET
2024-01-01 04:40:00,/api/v1/resource_20,103.64462710905708,401,GET
2024-01-01 04:41:00,/api/v1/resource_12,55.27322999381822,200,GET
2024-01-01 04:42:00,/api/v1/resource_2,156.13176007524103,200,POST
2024-01-01 04:43:00,/api/v1/resource_12,128.33098083811245,400,GET
2024-01-01 04:44:00,/api/v1/resource_12,117.38521683429764,200,GET
2024-01-01 04:45:00,/api/v1/resource_24,31.322049178491568,200,POST
2024-01-01 04:46:00,/api/v1/resource_4,148.03875224740807,200,PUT
2024-01-01 04:47:00,/api/v1/resource_4,173.44548773861447,200,GET
2024-01-01 04:48:00,/api/v1/resource_18,148.02791022515723,400,POST
2024-01-01 04:49:00,/api/v1/resource_16,144.20560829668423,200,PATCH
2024-01-01 04:50:00,/api/v1/resource_14,79.62982894910583,200,DELETE
2024-01-01 04:51:00,/api/v1/resource_17,184.68234701486327,200,PUT
2024-01-01 04:52:00,/api/v1/resource_17,147.94439288012305,401,POST
2024-01-01 04:53:00,/api/v1/resource_3,132.53495073653866,200,GET
2024-01-01 04:54:00,/api/v1/resource_6,160.205533617508,401,POST
2024-01-01 04:55:00,/api/v1/resource_23,116.24760572180368,400,POST
2024-01-01 04:56:00,/api/v1/resource_13,440.30239137633464,200,GET
2024-01-01 04:57:00,/api/v1/resource_9,154.3035057629969,200,GET
2024-01-01 04:58:00,/api/v1/resource_21,29.588878576024612,200,POST
2024-01-01 04:59:00,/api/v1/resource_9,28.84112165933685,201,PATCH
2024-01-01 05:00:00,/api/v1/resource_8,560.9586872333234,404,GET
2024-01-01 05:01:00,/api/v1/resource_17,167.829312844158,200,GET
2024-01-01 05:02:00,/api/v1/resource_16,148.75564852877628,200,POST
2024-01-01 05:03:00,/api/v1/resource_16,147.34121074514624,200,GET
2024-01-01 05:04:00,/api/v1/resource_19,103.52789097211702,400,POST
2024-01-01 05:05:00,/api/v1/resource_24,704.3637453639285,200,GET
2024-01-01 05:06:00,/api/v1/resource_16,133.9818163116079,200,GET
2024-01-01 05:07:00,/api/v1/resource_14,125.99752486914524,200,POST
2024-01-01 05:08:00,/api/v1/resource_20,146.99796981919417,200,GET
2024-01-01 05:09:00,/api/v1/resource_14,798.6492938444973,200,GET
2024-01-01 05:10:00,/api/v1/resource_14,219.99611936816996,200,GET
2024-01-01 05:11:00,/api/v1/resource_14,172.61173266872845,200,GET
2024-01-01 05:12:00,/api/v1/resource_12,184.30250728007263,200,POST
2024-01-01 05:13:00,/api/v1/resource_6,194.1862028149859,404,POST
2024-01-01 05:14:00,/api/v1/resource_20,119.43909508924068,200,GET
2024-01-01 05:15:00,/api/v1/resource_13,137.16461716131377,200,GET
2024-01-01 05:16:00,/api/v1/resource_16,113.80357887271832,200,GET
2024-01-01 05:17:00,/api/v1/resource_9,122.72712390658384,200,PUT
2024-01-01 05:18:00,/api/v1/resource_2,132.87030303488598,200,GET
2024-01-01 05:19:00,/api/v1/resource_22,121.7737887032151,500,PUT
2024-01-01 05:20:00,/api/v1/resource_3,158.96409829582635,200,POST
2024-01-01 05:21:00,/api/v1/resource_10,167.3137252415901,200,POST
2024-01-01 05:22:00,/api/v1/resource_20,97.75429338655849,200,POST
2024-01-01 05:23:00,/api/v1/resource_2,137.5167259526301,200,DELETE
2024-01-01 05:24:00,/api/v1/resource_24,137.9547349688822,200,DELETE
2024-01-01 05:25:00,/api/v1/resource_10,91.10374684096035,404,POST
2024-01-01 05:26:00,/api/v1/resource_8,119.35418335108255,200,GET
2024-01-01 05:27:00,/api/v1/resource_17,184.9380932461652,200,DELETE
2024-01-01 05:28:00,/api/v1/resource_22,40.73328735257361,500,GET
2024-01-01 05:29:00,/api/v1/resource_1,320.4982606603925,200,PUT
2024-01-01 05:30:00,/api/v1/resource_6,168.8851602864831,200,POST
2024-01-01 05:31:00,/api/v1/resource_7,91.18850491991418,200,DELETE
2024-01-01 05:32:00,/api/v1/resource_15,133.94070423743827,200,DELETE
2024-01-01 05:33:00,/api/v1/resource_18,530.0573147911726,200,GET
2024-01-01 05:34:00,/api/v1/resource_9,180.111014819325,400,POST
2024-01-01 05:35:00,/api/v1/resource_8,143.01648040011162,401,GET
2024-01-01 05:36:00,/api/v1/resource_10,109.44550263760549,201,GET
2024-01-01 05:37:00,/api/v1/resource_4,358.1145284031705,200,GET
2024-01-01 05:38:00,/api/v1/resource_20,156.71954669826624,400,GET
2024-01-01 05:39:00,/api/v1/resource_8,124.6480212402377,200,POST
2024-01-01 05:40:00,/api/v1/resource_1,133.65225535558503,200,PATCH
2024-01-01 05:41:00,/api/v1/resource_8,188.81858373903876,200,POST
2024-01-01 05:42:00,/api/v1/resource_23,167.3959172459756,200,GET
2024-01-01 05:43:00,/api/v1/resource_12,213.47583374353275,404,PUT
2024-01-01 05:44:00,/api/v1/resource_23,109.2721031729228,200,DELETE
2024-01-01 05:45:00,/api/v1/resource_15,121.63234108947644,201,POST
2024-01-01 05:46:00,/api/v1/resource_13,157.34749317515846,200,POST
2024-01-01 05:47:00,/api/v1/resource_16,222.751900396658,200,DELETE
2024-01-01 05:48:00,/api/v1/resource_23,118.20538455816208,200,GET
2024-01-01 05:49:00,/api/v1/resource_18,151.53642584819357,200,DELETE
2024-01-01 05:50:00,/api/v1/resource_1,620.2697384643643,400,DELETE
2024-01-01 05:51:00,/api/v1/resource_17,151.99684060564476,200,DELETE
2024-01-01 05:52:00,/api/v1/resource_16,659.4475258271603,500,GET
2024-01-01 05:53:00,/api/v1/resource_23,228.29957690742907,200,DELETE
2024-01-01 05:54:00,/api/v1/resource_5,161.80495345211364,200,GET
2024-01-01 05:55:00,/api/v1/resource_20,168.33922495205536,200,POST
2024-01-01 05:56:00,/api/v1/resource_21,179.7178025152048,400,PUT
2024-01-01 05:57:00,/api/v1/resource_10,113.82514008401184,200,GET
2024-01-01 05:58:00,/api/v1/resource_6,90.73733112504588,200,GET
2024-01-01 05:59:00,/api/v1/resource_12,156.3380956638514,200,PUT
2024-01-01 06:00:00,/api/v1/resource_10,124.99482488701736,200,PUT
2024-01-01 06:01:00,/api/v1/resource_22,192.11032879854497,200,PUT
2024-01-01 06:02:00,/api/v1/resource_17,162.57188641476566,200,GET
2024-01-01 06:03:00,/api/v1/resource_2,191.4324561337411,200,POST
2024-01-01 06:04:00,/api/v1/resource_19,101.93404400608782,200,GET
2024-01-01 06:05:00,/api/v1/resource_20,190.06145733974813,200,PUT
2024-01-01 06:06:00,/api/v1/resource_6,6.58379481103343,200,GET
2024-01-01 06:07:00,/api/v1/resource_13,105.21559423222924,200,POST
2024-01-01 06:08:00,/api/v1/resource_9,175.28953757366986,200,GET
2024-01-01 06:09:00,/api/v1/resource_12,129.8975433156604,200,PATCH
2024-01-01 06:10:00,/api/v1/resource_18,133.7479302131477,200,POST
2024-01-01 06:11:00,/api/v1/resource_8,154.2893711012228,200,POST
2024-01-01 06:12:00,/api/v1/resource_18,206.8782002852178,200,GET
2024-01-01 06:13:00,/api/v1/resource_23,73.12922094018317,200,POST
2024-01-01 06:14:00,/api/v1/resource_22,199.94825450791447,200,GET
2024-01-01 06:15:00,/api/v1/resource_2,202.29840476565488,200,GET
2024-01-01 06:16:00,/api/v1/resource_8,129.82505512154555,201,POST
2024-01-01 06:17:00,/api/v1/resource_10,122.20460772046496,200,PUT
2024-01-01 06:18:00,/api/v1/resource_9,145.2811729401319,200,GET
2024-01-01 06:19:00,/api/v1/resource_24,121.35313189595512,200,GET
2024-01-01 06:20:00,/api/v1/resource_18,163.79106281811315,200,POST
2024-01-01 06:21:00,/api/v1/resource_8,169.0004900140733,200,PUT
2024-01-01 06:22:00,/api/v1/resource_19,87.8436190169054,400,GET
2024-01-01 06:23:00,/api/v1/resource_3,113.1857529811585,200,DELETE
2024-01-01 06:24:00,/api/v1/resource_9,102.594438837645,500,DELETE
2024-01-01 06:25:00,/api/v1/resource_13,158.5874995879008,200,GET
2024-01-01 06:26:00,/api/v1/resource_9,184.89328437613472,400,GET
2024-01-01 06:27:00,/api/v1/resource_20,107.06258024669071,201,POST
2024-01-01 06:28:00,/api/v1/resource_12,184.61104424705323,200,PATCH
2024-01-01 06:29:00,/api/v1/resource_23,113.00801977636335,200,POST
2024-01-01 06:30:00,/api/v1/resource_13,178.74487839850528,200,GET
2024-01-01 06:31:00,/api/v1/resource_8,138.6507428189635,401,GET
2024-01-01 06:32:00,/api/v1/resource_15,132.33197177076224,200,GET
2024-01-01 06:33:00,/api/v1/resource_13,195.6980214990686,200,POST
2024-01-01 06:34:00,/api/v1/resource_21,221.50762924232356,200,GET
2024-01-01 06:35:00,/api/v1/resource_13,72.33002233739299,200,POST
2024-01-01 06:36:00,/api/v1/resource_17,173.97742719097667,404,GET
2024-01-01 06:37:00,/api/v1/resource_15,157.09336968673176,200,GET
2024-01-01 06:38:00,/api/v1/resource_22,861.1985945256055,200,GET
2024-01-01 06:39:00,/api/v1/resource_19,92.45942942544865,200,GET
2024-01-01 06:40:00,/api/v1/resource_3,106.62717378546104,200,DELETE
2024-01-01 06:41:00,/api/v1/resource_14,123.14281099741407,401,GET
2024-01-01 06:42:00,/api/v1/resource_10,158.5226307480531,404,POST
2024-01-01 06:43:00,/api/v1/resource_17,120.693849981303,200,GET
2024-01-01 06:44:00,/api/v1/resource_8,137.07908443225062,200,GET
2024-01-01 06:45:00,/api/v1/resource_18,183.22111690198432,404,GET
2024-01-01 06:46:00,/api/v1/resource_12,231.95254476393336,200,GET
2024-01-01 06:47:00,/api/v1/resource_17,180.36801037412744,200,GET
2024-01-01 06:48:00,/api/v1/resource_23,184.37580817355513,200,DELETE
2024-01-01 06:49:00,/api/v1/resource_11,142.72595821919867,200,GET
2024-01-01 06:50:00,/api/v1/resource_9,114.3758639091431,200,GET
2024-01-01 06:51:00,/api/v1/resource_22,136.96168029085956,500,PUT
2024-01-01 06:52:00,/api/v1/resource_24,147.6839099444861,200,GET
2024-01-01 06:53:00,/api/v1/resource_24,103.59448740922494,200,POST
2024-01-01 06:54:00,/api/v1/resource_23,182.60482741811245,200,GET
2024-01-01 06:55:00,/api/v1/resource_15,210.77802138275487,201,GET
2024-01-01 06:56:00,/api/v1/resource_9,154.8968769886898,200,POST
2024-01-01 06:57:00,/api/v1/resource_12,193.36295909000475,200,PATCH
2024-01-01 06:58:00,/api/v1/resource_11,198.33728572181815,200,GET
2024-01-01 06:59:00,/api/v1/resource_17,108.61399106623564,201,GET
2024-01-01 07:00:00,/api/v1/resource_6,80.48775865999438,200,GET
2024-01-01 07:01:00,/api/v1/resource_8,130.0393665952966,200,GET
2024-01-01 07:02:00,/api/v1/resource_10,153.83530796512687,200,DELETE
2024-01-01 07:03:00,/api/v1/resource_15,102.15472976907336,200,GET
2024-01-01 07:04:00,/api/v1/resource_4,912.668142774855,500,DELETE
2024-01-01 07:05:00,/api/v1/resource_18,227.95206261002343,200,GET
2024-01-01 07:06:00,/api/v1/resource_11,157.16787792909366,200,DELETE
2024-01-01 07:07:00,/api/v1/resource_9,110.7281070237594,200,POST
2024-01-01 07:08:00,/api/v1/resource_9,169.45181394022862,200,DELETE
2024-01-01 07:09:00,/api/v1/resource_8,110.60238842592445,200,GET
2024-01-01 07:10:00,/api/v1/resource_3,195.72374196083464,400,PUT
2024-01-01 07:11:00,/api/v1/resource_21,140.74273635012025,200,POST
2024-01-01 07:12:00,/api/v1/resource_18,179.09011424716357,200,POST
2024-01-01 07:13:00,/api/v1/resource_14,186.0758904395836,500,PUT
2024-01-01 07:14:00,/api/v1/resource_3,171.51832055360774,200,POST
2024-01-01 07:15:00,/api/v1/resource_17,221.4112291908664,200,DELETE
2024-01-01 07:16:00,/api/v1/resource_4,157.13092464385684,200,GET
2024-01-01 07:17:00,/api/v1/resource_21,129.87218732202825,400,POST
2024-01-01 07:18:00,/api/v1/resource_18,65.9124179539384,200,DELETE
2024-01-01 07:19:00,/api/v1/resource_15,58.64155102943238,200,GET
2024-01-01 07:20:00,/api/v1/resource_19,176.08152420888274,200,GET
2024-01-01 07:21:00,/api/v1/resource_22,142.64623765316745,200,PATCH
2024-01-01 07:22:00,/api/v1/resource_6,117.3841677242003,200,GET
2024-01-01 07:23:00,/api/v1/resource_15,105.44379324442238,200,GET
2024-01-01 07:24:00,/api/v1/resource_7,179.63817346685866,200,GET
2024-01-01 07:25:00,/api/v1/resource_12,110.6585981621551,200,DELETE
2024-01-01 07:26:00,/api/v1/resource_16,215.22643948568629,404,PATCH
2024-01-01 07:27:00,/api/v1/resource_9,640.3693410064953,200,PATCH
2024-01-01 07:28:00,/api/v1/resource_20,113.99852752025716,200,POST
2024-01-01 07:29:00,/api/v1/resource_5,176.7930058170494,200,POST
2024-01-01 07:30:00,/api/v1/resource_11,167.60086374035956,200,GET
2024-01-01 07:31:00,/api/v1/resource_2,110.4940475887098,200,GET
2024-01-01 07:32:00,/api/v1/resource_22,110.72047693242116,200,GET
2024-01-01 07:33:00,/api/v1/resource_16,145.0963511258204,200,GET
2024-01-01 07:34:00,/api/v1/resource_4,104.46442273242786,200,DELETE
2024-01-01 07:35:00,/api/v1/resource_5,193.6502784392464,200,PUT
2024-01-01 07:36:00,/api/v1/resource_7,140.1555794456875,200,POST
2024-01-01 07:37:00,/api/v1/resource_6,105.17486534644688,200,PATCH
2024-01-01 07:38:00,/api/v1/resource_24,146.44042564466537,200,PATCH
2024-01-01 07:39:00,/api/v1/resource_22,61.04213322182646,200,POST
2024-01-01 07:40:00,/api/v1/resource_10,121.0220928782024,404,GET
2024-01-01 07:41:00,/api/v1/resource_14,70.27635232188283,404,GET
2024-01-01 07:42:00,/api/v1/resource_8,155.05471083049338,200,POST
2024-01-01 07:43:00,/api/v1/resource_14,101.32001468820953,200,GET
2024-01-01 07:44:00,/api/v1/resource_14,118.25006667821565,200,GET
2024-01-01 07:45:00,/api/v1/resource_20,168.76420679596316,200,DELETE
2024-01-01 07:46:00,/api/v1/resource_23,126.48404417385554,500,GET
2024-01-01 07:47:00,/api/v1/resource_3,144.3555285280307,200,GET
2024-01-01 07:48:00,/api/v1/resource_1,208.1220439454904,200,POST
2024-01-01 07:49:00,/api/v1/resource_9,135.9185065857903,401,POST
2024-01-01 07:50:00,/api/v1/resource_9,230.85264570280432,200,GET
2024-01-01 07:51:00,/api/v1/resource_22,179.59658578940093,200,GET
2024-01-01 07:52:00,/api/v1/resource_2,112.74502792761088,200,PATCH
2024-01-01 07:53:00,/api/v1/resource_16,130.9458554208496,200,GET
2024-01-01 07:54:00,/api/v1/resource_8,99.49428459837787,200,PUT
2024-01-01 07:55:00,/api/v1/resource_6,175.49825599720586,400,GET
2024-01-01 07:56:00,/api/v1/resource_23,202.9805838835404,200,GET
2024-01-01 07:57:00,/api/v1/resource_13,135.66424641556426,200,GET
2024-01-01 07:58:00,/api/v1/resource_1,75.5442098423198,401,PUT
2024-01-01 07:59:00,/api/v1/resource_19,164.41879079855784,200,DELETE
2024-01-01 08:00:00,/api/v1/resource_15,115.5206841371314,200,GET
2024-01-01 08:01:00,/api/v1/resource_1,121.57323923551766,200,GET
2024-01-01 08:02:00,/api/v1/resource_10,162.46108664241763,200,GET
2024-01-01 08:03:00,/api/v1/resource_1,199.27936481277737,200,PUT
2024-01-01 08:04:00,/api/v1/resource_12,179.58006912481548,401,GET
2024-01-01 08:05:00,/api/v1/resource_11,167.1800395317527,200,GET
2024-01-01 08:06:00,/api/v1/resource_17,143.70991589653823,200,GET
2024-01-01 08:07:00,/api/v1/resource_4,97.1825615337758,200,POST
2024-01-01 08:08:00,/api/v1/resource_23,163.91768467994487,404,DELETE
2024-01-01 08:09:00,/api/v1/resource_7,178.70919858769952,200,POST
2024-01-01 08:10:00,/api/v1/resource_12,126.19670613761652,404,GET
2024-01-01 08:11:00,/api/v1/resource_13,135.3454615188355,200,GET
2024-01-01 08:12:00,/api/v1/resource_5,194.4020769673295,400,GET
2024-01-01 08:13:00,/api/v1/resource_6,134.30097920199393,401,GET
2024-01-01 08:14:00,/api/v1/resource_2,139.177574050279,201,PUT
2024-01-01 08:15:00,/api/v1/resource_21,146.46400752025636,200,GET
2024-01-01 08:16:00,/api/v1/resource_7,176.62230331757686,200,GET
2024-01-01 08:17:00,/api/v1/resource_14,161.73324816952908,200,POST
2024-01-01 08:18:00,/api/v1/resource_22,158.77052001791992,200,POST
2024-01-01 08:19:00,/api/v1/resource_14,210.71477252009123,201,POST
