time,event,status,module,severity,data_rate
2024-01-01 00:00:00,response,success,module_12,low,44.798615191132015
2024-01-01 00:01:00,request,success,module_3,medium,77.13388756127144
2024-01-01 00:02:00,response,failed,module_14,low,53.429841444156025
2024-01-01 00:03:00,startup,success,module_3,low,19.271471327242608
2024-01-01 00:04:00,request,pending,module_3,high,54.9974735892177
2024-01-01 00:05:00,warning,timeout,module_1,medium,5.480166453218763
2024-01-01 00:06:00,request,success,module_5,low,70.66090987548128
2024-01-01 00:07:00,response,failed,module_1,low,49.74541236628278
2024-01-01 00:08:00,response,success,module_10,medium,46.20264236974855
2024-01-01 00:09:00,warning,success,module_10,high,81.0941224598888
2024-01-01 00:10:00,response,success,module_3,medium,18.41443005369499
2024-01-01 00:11:00,request,success,module_13,medium,44.83596674003091
2024-01-01 00:12:00,response,timeout,module_6,critical,53.985579365463884
2024-01-01 00:13:00,request,success,module_11,medium,44.00922010960179
2024-01-01 00:14:00,response,success,module_6,low,18.487926187863955
2024-01-01 00:15:00,response,success,module_3,medium,56.06130567241485
2024-01-01 00:16:00,error,success,module_9,low,43.13013789927359
2024-01-01 00:17:00,warning,pending,module_8,medium,47.9563940856938
2024-01-01 00:18:00,warning,success,module_11,low,68.88285666936017
2024-01-01 00:19:00,request,success,module_3,low,54.56693786543563
2024-01-01 00:20:00,response,success,module_5,low,40.699485995417064
2024-01-01 00:21:00,response,success,module_5,low,55.90384837971456
2024-01-01 00:22:00,response,success,module_14,low,43.6330655558679
2024-01-01 00:23:00,request,success,module_5,medium,45.44655386199925
2024-01-01 00:24:00,error,success,module_3,low,61.35990023158557
2024-01-01 00:25:00,warning,failed,module_5,medium,40.374094760860594
2024-01-01 00:26:00,response,success,module_5,medium,58.42350102309837
2024-01-01 00:27:00,error,failed,module_4,medium,46.54845479576991
2024-01-01 00:28:00,warning,timeout,module_4,medium,42.3808320811784
2024-01-01 00:29:00,request,pending,module_2,low,42.43296620522776
2024-01-01 00:30:00,shutdown,success,module_9,low,6.463362496084556
2024-01-01 00:31:00,warning,pending,module_7,high,51.338959098862475
2024-01-01 00:32:00,error,failed,module_1,medium,45.87890047040349
2024-01-01 00:33:00,response,failed,module_5,medium,70.54265213612422
2024-01-01 00:34:00,error,success,module_2,medium,36.693076658078894
2024-01-01 00:35:00,response,success,module_10,low,58.14675646873687
2024-01-01 00:36:00,error,timeout,module_6,medium,14.756713348409694
2024-01-01 00:37:00,response,success,module_7,low,75.9518899352916
2024-01-01 00:38:00,request,success,module_12,high,37.82338749161578
2024-01-01 00:39:00,response,success,module_2,low,65.36578410961967
2024-01-01 00:40:00,response,pending,module_11,medium,53.08851060200519
2024-01-01 00:41:00,request,success,module_6,low,17.991584856243293
2024-01-01 00:42:00,response,pending,module_13,high,40.32996525631804
2024-01-01 00:43:00,request,success,module_3,critical,48.25610413810129
2024-01-01 00:44:00,response,success,module_9,low,44.54478091883161
2024-01-01 00:45:00,request,success,module_4,low,43.23784565133232
2024-01-01 00:46:00,response,success,module_3,low,50.61707808143447
2024-01-01 00:47:00,response,success,module_13,medium,87.42347119390466
2024-01-01 00:48:00,error,success,module_11,low,60.03320840452973
2024-01-01 00:49:00,request,success,module_3,medium,12.60076278330787
2024-01-01 00:50:00,response,success,module_2,low,45.62063240162101
2024-01-01 00:51:00,response,success,module_12,medium,58.438278302456936
2024-01-01 00:52:00,response,success,module_9,medium,47.207619436019435
2024-01-01 00:53:00,warning,success,module_8,medium,47.26062274992009
2024-01-01 00:54:00,request,success,module_5,medium,7.195934101609166
2024-01-01 00:55:00,request,success,module_14,low,49.294082088932434
2024-01-01 00:56:00,warning,pending,module_14,medium,36.25261671645478
2024-01-01 00:57:00,request,success,module_13,medium,23.473868107989524
2024-01-01 00:58:00,request,success,module_9,medium,44.74537390464964
2024-01-01 00:59:00,error,success,module_13,low,59.90411652010329
2024-01-01 01:00:00,warning,success,module_2,medium,74.17039689980899
2024-01-01 01:01:00,error,success,module_6,critical,178.5710229454727
2024-01-01 01:02:00,response,success,module_7,critical,196.9754134059881
2024-01-01 01:03:00,request,success,module_6,medium,51.69272614152496
2024-01-01 01:04:00,warning,success,module_3,low,62.57619657614502
2024-01-01 01:05:00,request,success,module_10,low,53.20075331541461
2024-01-01 01:06:00,shutdown,success,module_14,low,55.58919021614169
2024-01-01 01:07:00,response,success,module_10,low,26.545460072677955
2024-01-01 01:08:00,warning,success,module_10,low,53.94442099701291
2024-01-01 01:09:00,response,timeout,module_9,low,50.34899595385486
2024-01-01 01:10:00,request,success,module_14,high,43.75788862985055
2024-01-01 01:11:00,response,failed,module_12,critical,44.86219893299057
2024-01-01 01:12:00,warning,success,module_8,high,29.992236223291744
2024-01-01 01:13:00,error,pending,module_8,low,58.086301188202704
2024-01-01 01:14:00,response,success,module_8,high,53.524853002660365
2024-01-01 01:15:00,warning,success,module_9,low,51.038123736335486
2024-01-01 01:16:00,response,success,module_1,medium,53.450015814816894
2024-01-01 01:17:00,warning,success,module_8,medium,31.306780892183095
2024-01-01 01:18:00,response,failed,module_2,low,76.44984303122088
2024-01-01 01:19:00,response,success,module_4,critical,64.14634602404902
2024-01-01 01:20:00,response,success,module_1,low,218.6451682241569
2024-01-01 01:21:00,request,success,module_12,medium,72.2677625570287
2024-01-01 01:22:00,request,success,module_6,low,53.166758565813126
2024-01-01 01:23:00,response,success,module_10,high,45.76270643639719
2024-01-01 01:24:00,response,success,module_1,low,259.87432584983367
2024-01-01 01:25:00,startup,success,module_12,medium,72.90401063383699
2024-01-01 01:26:00,request,success,module_5,medium,137.31501215516963
2024-01-01 01:27:00,error,failed,module_9,medium,72.72488361147788
2024-01-01 01:28:00,response,pending,module_1,medium,29.71672973871241
2024-01-01 01:29:00,error,success,module_9,low,57.99621110563098
2024-01-01 01:30:00,request,success,module_4,medium,65.15317815617536
2024-01-01 01:31:00,request,success,module_3,critical,198.36426699211808
2024-01-01 01:32:00,response,success,module_8,high,246.24199283206477
2024-01-01 01:33:00,response,failed,module_6,low,48.08736772830207
2024-01-01 01:34:00,warning,success,module_7,low,5.315898907482161
2024-01-01 01:35:00,request,success,module_9,low,65.75382031575361
2024-01-01 01:36:00,response,success,module_5,medium,77.72922796880273
2024-01-01 01:37:00,response,pending,module_13,low,47.53035076182877
2024-01-01 01:38:00,request,pending,module_2,medium,12.045817640934679
2024-01-01 01:39:00,response,failed,module_3,high,11.599242221126197
2024-01-01 01:40:00,warning,success,module_3,low,226.48109176895485
2024-01-01 01:41:00,response,success,module_4,low,51.61024257771648
2024-01-01 01:42:00,warning,failed,module_10,high,39.08512166780085
2024-01-01 01:43:00,request,success,module_7,low,11.012954706245882
2024-01-01 01:44:00,response,success,module_12,low,95.45477219819462
2024-01-01 01:45:00,startup,success,module_10,low,10.750984432754844
2024-01-01 01:46:00,request,success,module_6,low,55.12332971646829
2024-01-01 01:47:00,warning,success,module_3,medium,23.623610860282913
2024-01-01 01:48:00,error,pending,module_14,low,57.84949354765304
2024-01-01 01:49:00,response,success,module_7,low,39.41885799768896
2024-01-01 01:50:00,request,failed,module_4,medium,10.213007494825096
2024-01-01 01:51:00,error,failed,module_10,low,233.00372778821276
2024-01-01 01:52:00,request,pending,module_11,low,52.086669807801464
2024-01-01 01:53:00,request,success,module_11,medium,35.788340046406674
2024-01-01 01:54:00,error,success,module_8,high,45.74239413978216
2024-01-01 01:55:00,response,timeout,module_7,low,53.53576717868772
2024-01-01 01:56:00,request,success,module_7,low,46.360436518214755
2024-01-01 01:57:00,response,success,module_9,medium,238.72243887962816
2024-01-01 01:58:00,error,success,module_8,medium,50.61524455115217
2024-01-01 01:59:00,warning,success,module_12,low,35.106944501376745
2024-01-01 02:00:00,shutdown,success,module_1,low,56.47148629572348
2024-01-01 02:01:00,error,success,module_7,low,13.295205254663564
2024-01-01 02:02:00,response,success,module_3,medium,79.42323084866013
2024-01-01 02:03:00,error,success,module_12,low,24.188243635338065
2024-01-01 02:04:00,shutdown,failed,module_4,high,63.44691380255364
2024-01-01 02:05:00,response,success,module_6,medium,61.11181989907895
2024-01-01 02:06:00,request,success,module_5,medium,33.04190520228306
2024-01-01 02:07:00,error,timeout,module_8,high,58.39188003150588
2024-01-01 02:08:00,response,success,module_2,low,39.657774097648314
2024-01-01 02:09:00,error,failed,module_5,medium,47.51857151368559
2024-01-01 02:10:00,response,success,module_5,low,57.05597413267563
2024-01-01 02:11:00,startup,failed,module_3,low,49.27501520092743
2024-01-01 02:12:00,request,success,module_14,low,34.999211372062824
2024-01-01 02:13:00,request,success,module_10,low,56.15561500321686
2024-01-01 02:14:00,warning,success,module_13,high,46.87831585286928
2024-01-01 02:15:00,request,success,module_5,medium,48.34087338849295
2024-01-01 02:16:00,request,success,module_4,high,49.22745019330001
2024-01-01 02:17:00,response,failed,module_11,low,29.820373968696774
2024-01-01 02:18:00,response,success,module_5,medium,33.13586379593121
2024-01-01 02:19:00,request,failed,module_10,low,41.16206054920213
2024-01-01 02:20:00,request,success,module_9,low,56.15495129818391
2024-01-01 02:21:00,request,success,module_7,medium,36.062959019257654
2024-01-01 02:22:00,response,timeout,module_1,low,67.83890384266863
2024-01-01 02:23:00,request,timeout,module_3,medium,12.357618159197909
2024-01-01 02:24:00,request,success,module_9,low,55.46567511940012
2024-01-01 02:25:00,request,pending,module_4,low,45.02497368143893
2024-01-01 02:26:00,response,success,module_4,medium,26.059226564062055
2024-01-01 02:27:00,request,success,module_10,critical,57.97878011141078
2024-01-01 02:28:00,warning,success,module_6,low,39.16695078317862
2024-01-01 02:29:00,request,timeout,module_3,medium,27.621613720071295
2024-01-01 02:30:00,response,timeout,module_3,medium,134.779229437711
2024-01-01 02:31:00,response,success,module_9,low,196.38249611767273
2024-01-01 02:32:00,response,failed,module_13,medium,14.326105686725004
2024-01-01 02:33:00,response,failed,module_5,low,44.95819102996563
2024-01-01 02:34:00,warning,success,module_14,low,65.12485854576074
2024-01-01 02:35:00,request,success,module_7,low,50.479609799079725
2024-01-01 02:36:00,response,success,module_5,high,67.99061877620612
2024-01-01 02:37:00,warning,success,module_6,low,43.952692064031055
2024-01-01 02:38:00,request,failed,module_8,low,8.966362529992198
2024-01-01 02:39:00,response,success,module_8,low,29.87538535186487
2024-01-01 02:40:00,response,success,module_2,low,58.99813130900042
2024-01-01 02:41:00,response,success,module_11,low,48.37592421961483
2024-01-01 02:42:00,response,failed,module_9,low,70.32302566407846
2024-01-01 02:43:00,warning,success,module_10,low,43.8140931699
2024-01-01 02:44:00,response,success,module_12,low,34.211199894793204
2024-01-01 02:45:00,shutdown,success,module_12,high,57.60024271772111
2024-01-01 02:46:00,response,success,module_12,medium,74.70779284309481
2024-01-01 02:47:00,warning,pending,module_14,low,53.54269957786913
2024-01-01 02:48:00,warning,success,module_6,low,49.36848981194756
2024-01-01 02:49:00,response,success,module_7,low,31.775618991345205
2024-01-01 02:50:00,warning,success,module_3,medium,64.20357042632295
2024-01-01 02:51:00,request,success,module_4,low,49.225898263770425
2024-01-01 02:52:00,error,pending,module_6,low,60.51215028639398
2024-01-01 02:53:00,shutdown,success,module_7,low,52.95840096281298
2024-01-01 02:54:00,warning,failed,module_6,low,80.60013038159113
2024-01-01 02:55:00,request,success,module_5,high,41.63876523564419
2024-01-01 02:56:00,warning,success,module_14,low,178.00960845568991
2024-01-01 02:57:00,warning,pending,module_12,low,65.20131082007572
2024-01-01 02:58:00,response,success,module_2,medium,65.56928347439268
2024-01-01 02:59:00,error,success,module_12,medium,66.04412740552426
2024-01-01 03:00:00,request,pending,module_7,low,212.71714595771704
2024-01-01 03:01:00,response,failed,module_5,low,53.11485826214567
2024-01-01 03:02:00,request,success,module_12,low,29.78968493598765
2024-01-01 03:03:00,request,success,module_9,low,47.58696864002304
2024-01-01 03:04:00,response,success,module_13,low,54.1519465901754
2024-01-01 03:05:00,response,pending,module_11,low,54.160047753049525
2024-01-01 03:06:00,response,success,module_4,medium,38.63390126383164
2024-01-01 03:07:00,response,timeout,module_14,critical,33.50983380820505
2024-01-01 03:08:00,shutdown,success,module_10,medium,65.66287628655968
2024-01-01 03:09:00,response,success,module_12,low,63.31027300656755
2024-01-01 03:10:00,response,success,module_2,medium,46.51594896891859
2024-01-01 03:11:00,response,success,module_7,medium,65.48702424700159
2024-01-01 03:12:00,request,success,module_7,high,64.09217479520876
2024-01-01 03:13:00,response,success,module_1,medium,24.824154588708563
2024-01-01 03:14:00,warning,failed,module_11,medium,48.44130598965152
2024-01-01 03:15:00,response,success,module_14,low,220.36146395420755
2024-01-01 03:16:00,error,success,module_13,low,26.146221436332837
2024-01-01 03:17:00,response,pending,module_5,low,28.23935817776037
2024-01-01 03:18:00,request,timeout,module_3,low,59.39923698847817
2024-01-01 03:19:00,shutdown,success,module_9,low,69.38516767046437
2024-01-01 03:20:00,response,pending,module_9,low,45.801342224006795
2024-01-01 03:21:00,request,success,module_7,medium,42.95902761206294
2024-01-01 03:22:00,request,success,module_12,high,24.513330109252635
2024-01-01 03:23:00,warning,pending,module_9,low,45.52560802309445
2024-01-01 03:24:00,response,failed,module_12,low,27.92056368428517
2024-01-01 03:25:00,request,pending,module_2,high,256.86324549195757
2024-01-01 03:26:00,request,failed,module_11,high,69.66165068739632
2024-01-01 03:27:00,request,success,module_10,low,30.583303558865655
2024-01-01 03:28:00,response,success,module_8,low,46.21568982715728
2024-01-01 03:29:00,request,success,module_10,low,62.914889340425496
2024-01-01 03:30:00,request,success,module_10,low,38.35649300775564
2024-01-01 03:31:00,request,success,module_10,high,56.11840780684109
2024-01-01 03:32:00,request,success,module_13,medium,62.1529190918652
2024-01-01 03:33:00,response,pending,module_1,low,51.17631636657738
2024-01-01 03:34:00,response,pending,module_3,high,51.4842914921604
2024-01-01 03:35:00,request,success,module_8,medium,33.530725995149425
2024-01-01 03:36:00,warning,success,module_11,critical,44.011063648147115
2024-01-01 03:37:00,request,failed,module_8,critical,52.43287349691316
2024-01-01 03:38:00,response,success,module_14,low,21.47647826976453
2024-01-01 03:39:00,startup,timeout,module_10,low,16.303950353523376
2024-01-01 03:40:00,response,success,module_8,medium,190.08782345986168
2024-01-01 03:41:00,warning,success,module_11,critical,55.682222213462815
2024-01-01 03:42:00,warning,pending,module_12,critical,51.32165241970352
2024-01-01 03:43:00,startup,pending,module_11,medium,25.682444940447542
2024-01-01 03:44:00,response,success,module_7,low,66.5531760128686
2024-01-01 03:45:00,response,success,module_2,low,51.5531211696718
2024-01-01 03:46:00,shutdown,failed,module_3,medium,64.56041022461233
2024-01-01 03:47:00,request,success,module_9,medium,108.9653171691794
2024-01-01 03:48:00,error,failed,module_2,medium,53.97510908141936
2024-01-01 03:49:00,response,success,module_13,low,57.80582003931913
2024-01-01 03:50:00,request,success,module_7,medium,65.06783262186423
2024-01-01 03:51:00,warning,success,module_1,high,63.79964963626172
2024-01-01 03:52:00,error,success,module_3,low,37.99938979279869
2024-01-01 03:53:00,response,success,module_13,low,48.26330582853283
2024-01-01 03:54:00,request,success,module_14,medium,121.71706423207588
2024-01-01 03:55:00,startup,success,module_1,high,52.14442475010444
2024-01-01 03:56:00,request,success,module_6,low,8.345869543724216
2024-01-01 03:57:00,response,success,module_4,low,26.151454948667435
2024-01-01 03:58:00,request,success,module_1,low,85.78467288786925
2024-01-01 03:59:00,request,pending,module_5,low,79.03018046970391
2024-01-01 04:00:00,request,success,module_14,low,67.4886893261945
2024-01-01 04:01:00,request,success,module_4,medium,57.26331738528549
2024-01-01 04:02:00,request,success,module_14,low,61.631984314994014
2024-01-01 04:03:00,response,pending,module_11,medium,61.67277313315743
2024-01-01 04:04:00,error,success,module_10,low,74.82031899826927
2024-01-01 04:05:00,request,success,module_14,low,201.45284193628376
2024-01-01 04:06:00,error,success,module_11,medium,38.635626256703304
2024-01-01 04:07:00,warning,failed,module_10,medium,49.77210091736519
2024-01-01 04:08:00,request,failed,module_2,low,58.932854086931606
2024-01-01 04:09:00,response,success,module_13,high,46.17736617907513
2024-01-01 04:10:00,error,success,module_7,low,41.710415315484966
2024-01-01 04:11:00,response,success,module_12,low,71.55853901237909
2024-01-01 04:12:00,warning,success,module_8,medium,37.44374646059692
2024-01-01 04:13:00,request,failed,module_4,high,72.02984620641489
2024-01-01 04:14:00,error,success,module_9,low,64.44755326790312
2024-01-01 04:15:00,request,success,module_3,low,78.67927853561683
2024-01-01 04:16:00,request,success,module_13,medium,82.7465726758893
2024-01-01 04:17:00,request,success,module_6,low,55.55349752519936
2024-01-01 04:18:00,request,success,module_11,medium,81.17716094260686
2024-01-01 04:19:00,request,pending,module_14,low,57.5785207175913
2024-01-01 04:20:00,request,success,module_14,high,55.9424778654227
2024-01-01 04:21:00,request,success,module_7,low,52.90701762818814
2024-01-01 04:22:00,response,success,module_7,critical,43.48354158863774
2024-01-01 04:23:00,request,success,module_6,low,61.39508130083523
2024-01-01 04:24:00,warning,success,module_9,high,67.25918805394376
2024-01-01 04:25:00,warning,success,module_1,low,29.024526523353423
2024-01-01 04:26:00,response,success,module_13,low,88.3976422642277
2024-01-01 04:27:00,error,timeout,module_9,low,74.36763393713413
2024-01-01 04:28:00,response,success,module_13,high,41.26713721853688
2024-01-01 04:29:00,request,success,module_9,low,58.43514700502616
2024-01-01 04:30:00,request,success,module_4,low,49.35228686992613
2024-01-01 04:31:00,warning,success,module_13,low,54.992609323317936
2024-01-01 04:32:00,response,success,module_12,critical,47.96099561522699
2024-01-01 04:33:00,response,success,module_12,low,57.84736427617552
2024-01-01 04:34:00,response,success,module_5,low,33.96328662356691
2024-01-01 04:35:00,error,pending,module_3,high,369.03501162921606
2024-01-01 04:36:00,response,success,module_7,high,35.100157915797936
2024-01-01 04:37:00,request,success,module_2,low,58.28574924124157
2024-01-01 04:38:00,response,failed,module_8,high,39.82040965852736
2024-01-01 04:39:00,warning,success,module_9,low,11.669040631149436
2024-01-01 04:40:00,response,success,module_6,low,56.91890297374385
2024-01-01 04:41:00,response,success,module_9,high,51.4670002894224
2024-01-01 04:42:00,warning,failed,module_6,medium,51.94063920708896
2024-01-01 04:43:00,warning,success,module_3,low,44.47953714772131
2024-01-01 04:44:00,error,success,module_10,low,39.62708007084965
2024-01-01 04:45:00,warning,pending,module_3,low,13.638668348503227
2024-01-01 04:46:00,request,success,module_2,medium,37.18574031398215
2024-01-01 04:47:00,response,failed,module_5,critical,197.91286642425516
2024-01-01 04:48:00,warning,pending,module_13,low,40.431698127351375
2024-01-01 04:49:00,request,success,module_14,high,45.02864749046615
2024-01-01 04:50:00,request,failed,module_4,low,279.6204870036393
2024-01-01 04:51:00,warning,failed,module_12,medium,28.926721872873085
2024-01-01 04:52:00,request,pending,module_6,low,58.14592819779397
2024-01-01 04:53:00,error,success,module_5,medium,189.26777984700615
2024-01-01 04:54:00,request,pending,module_6,low,54.66025448012502
2024-01-01 04:55:00,error,success,module_4,high,70.62784434224339
2024-01-01 04:56:00,response,failed,module_14,low,36.76672621606041
2024-01-01 04:57:00,error,success,module_13,low,24.120783662699974
2024-01-01 04:58:00,response,success,module_3,high,10.932050896025004
2024-01-01 04:59:00,response,success,module_1,low,9.00572949809323
2024-01-01 05:00:00,warning,success,module_5,low,182.85396139237088
2024-01-01 05:01:00,request,success,module_6,medium,54.17304894688256
2024-01-01 05:02:00,warning,success,module_5,high,80.91186599648792
2024-01-01 05:03:00,response,success,module_5,low,41.799946673910505
2024-01-01 05:04:00,request,success,module_12,low,42.9040147998298
2024-01-01 05:05:00,response,success,module_6,low,59.9160370936744
2024-01-01 05:06:00,startup,success,module_4,critical,59.02998428753598
2024-01-01 05:07:00,error,pending,module_14,low,44.8490243173096
2024-01-01 05:08:00,request,success,module_12,low,52.77729444257238
2024-01-01 05:09:00,error,success,module_4,medium,38.94477707686619
2024-01-01 05:10:00,request,success,module_11,low,56.69999873285272
2024-01-01 05:11:00,shutdown,failed,module_13,low,26.094903123663485
2024-01-01 05:12:00,response,success,module_8,high,93.61723751612136
2024-01-01 05:13:00,response,success,module_11,low,161.02720677878952
2024-01-01 05:14:00,warning,success,module_8,medium,265.05579588143155
2024-01-01 05:15:00,request,timeout,module_12,high,45.981271712116765
2024-01-01 05:16:00,request,success,module_3,low,34.20256800642044
2024-01-01 05:17:00,response,failed,module_7,low,37.720235521645385
2024-01-01 05:18:00,request,success,module_5,high,53.17497907223322
2024-01-01 05:19:00,startup,failed,module_5,medium,70.8738741213906
2024-01-01 05:20:00,warning,success,module_12,low,48.482434215748725
2024-01-01 05:21:00,request,success,module_13,low,21.64327314795491
2024-01-01 05:22:00,response,success,module_3,medium,40.791493062355066
2024-01-01 05:23:00,response,pending,module_2,low,147.31146780976457
2024-01-01 05:24:00,error,success,module_13,medium,51.3338799577036
2024-01-01 05:25:00,response,success,module_3,critical,47.885063532087806
2024-01-01 05:26:00,response,failed,module_7,low,17.00638490766719
2024-01-01 05:27:00,startup,success,module_3,high,36.12587617685014
2024-01-01 05:28:00,response,success,module_11,medium,33.387661989367395
2024-01-01 05:29:00,request,success,module_13,low,63.46145158158328
2024-01-01 05:30:00,request,success,module_2,medium,16.055110881019626
2024-01-01 05:31:00,request,success,module_4,medium,20.020833924229866
2024-01-01 05:32:00,response,failed,module_12,low,268.6025580422682
2024-01-01 05:33:00,warning,success,module_5,low,67.62033953984056
2024-01-01 05:34:00,response,pending,module_13,medium,41.013104006884255
2024-01-01 05:35:00,warning,success,module_7,medium,39.809442010601714
2024-01-01 05:36:00,request,success,module_1,critical,47.44554076367822
2024-01-01 05:37:00,response,success,module_14,high,53.38406691359248
2024-01-01 05:38:00,response,success,module_8,low,47.85918191138694
2024-01-01 05:39:00,warning,success,module_10,medium,65.34725641683667
2024-01-01 05:40:00,request,failed,module_3,low,47.86014571788906
2024-01-01 05:41:00,startup,failed,module_14,low,60.11397271068721
2024-01-01 05:42:00,warning,success,module_11,low,52.95031292854875
2024-01-01 05:43:00,response,success,module_6,medium,30.60498510235039
2024-01-01 05:44:00,request,success,module_4,low,76.7795114912578
2024-01-01 05:45:00,request,failed,module_14,low,67.33524287241035
2024-01-01 05:46:00,request,success,module_5,low,41.498316892791266
2024-01-01 05:47:00,request,failed,module_10,low,48.33312120411592
2024-01-01 05:48:00,startup,success,module_12,high,59.227892335222705
2024-01-01 05:49:00,request,failed,module_6,critical,52.70040733695622
2024-01-01 05:50:00,response,success,module_2,medium,51.60586910150919
2024-01-01 05:51:00,response,success,module_13,medium,57.58400654163114
2024-01-01 05:52:00,request,pending,module_3,medium,55.301973819035354
2024-01-01 05:53:00,startup,failed,module_8,medium,55.370246837331266
2024-01-01 05:54:00,request,success,module_8,medium,51.370315104794784
2024-01-01 05:55:00,response,success,module_1,low,201.97415062483904
2024-01-01 05:56:00,warning,success,module_10,low,53.14529389084078
2024-01-01 05:57:00,request,success,module_8,low,53.522176726497136
2024-01-01 05:58:00,response,success,module_11,low,26.55490699960681
2024-01-01 05:59:00,request,success,module_2,low,56.50168952120825
2024-01-01 06:00:00,request,timeout,module_10,medium,54.95827024274347
2024-01-01 06:01:00,request,success,module_10,medium,36.66816440341993
2024-01-01 06:02:00,error,success,module_13,low,37.42374063866511
2024-01-01 06:03:00,error,success,module_8,low,67.12556268452222
2024-01-01 06:04:00,response,success,module_12,medium,58.55964355526693
2024-01-01 06:05:00,warning,success,module_10,low,63.76341821418583
2024-01-01 06:06:00,warning,success,module_5,low,52.96503835274089
2024-01-01 06:07:00,request,success,module_1,high,55.96230219837535
2024-01-01 06:08:00,response,timeout,module_8,low,47.81373515406134
2024-01-01 06:09:00,response,timeout,module_12,high,49.59909670754766
2024-01-01 06:10:00,startup,success,module_5,high,43.7482692018522
2024-01-01 06:11:00,request,success,module_1,high,70.00586570986601
2024-01-01 06:12:00,request,failed,module_4,low,5.751372136606508
2024-01-01 06:13:00,request,success,module_13,low,54.61313674791248
2024-01-01 06:14:00,request,failed,module_1,low,47.65039437666505
2024-01-01 06:15:00,error,pending,module_13,low,64.27713178015453
2024-01-01 06:16:00,response,success,module_9,low,53.41459885095998
2024-01-01 06:17:00,request,success,module_10,medium,56.92250350974384
2024-01-01 06:18:00,request,pending,module_2,critical,53.11368132565315
2024-01-01 06:19:00,request,pending,module_8,high,243.16674607885255
2024-01-01 06:20:00,warning,failed,module_4,low,58.25543658847856
2024-01-01 06:21:00,request,success,module_9,medium,48.51206214251622
2024-01-01 06:22:00,startup,failed,module_2,low,38.57910940016387
2024-01-01 06:23:00,warning,success,module_12,low,28.837236631187437
2024-01-01 06:24:00,response,success,module_3,high,37.74090179584322
2024-01-01 06:25:00,response,success,module_2,low,61.461335848260006
2024-01-01 06:26:00,warning,timeout,module_10,medium,76.42810755612447
2024-01-01 06:27:00,request,failed,module_14,high,51.77594992807293
2024-01-01 06:28:00,request,failed,module_5,low,35.049060337213284
2024-01-01 06:29:00,request,success,module_11,critical,56.24569204249905
2024-01-01 06:30:00,warning,success,module_1,low,66.16075125174929
2024-01-01 06:31:00,response,pending,module_12,high,78.81849644886545
2024-01-01 06:32:00,warning,success,module_3,low,68.96172688348611
2024-01-01 06:33:00,response,failed,module_1,low,53.36404612370238
2024-01-01 06:34:00,request,success,module_10,low,58.62616584418618
2024-01-01 06:35:00,response,failed,module_14,medium,39.16083463526733
2024-01-01 06:36:00,warning,pending,module_8,high,61.95424983260382
2024-01-01 06:37:00,response,success,module_12,medium,64.00960562993544
2024-01-01 06:38:00,error,success,module_4,high,12.54114571860635
2024-01-01 06:39:00,response,success,module_3,high,52.14018289140608
2024-01-01 06:40:00,request,pending,module_8,low,346.45914486396225
2024-01-01 06:41:00,request,success,module_13,medium,39.931495402691496
2024-01-01 06:42:00,error,failed,module_9,low,18.11779687371207
2024-01-01 06:43:00,startup,success,module_8,low,214.87261513538868
2024-01-01 06:44:00,request,failed,module_6,low,66.14061595646798
2024-01-01 06:45:00,request,success,module_14,low,56.009170100556354
2024-01-01 06:46:00,request,success,module_3,medium,50.40406681448479
2024-01-01 06:47:00,warning,timeout,module_8,low,36.11536122121814
2024-01-01 06:48:00,warning,success,module_13,medium,33.52633948907268
2024-01-01 06:49:00,response,success,module_5,high,52.74157251940537
2024-01-01 06:50:00,response,success,module_5,low,142.94647705552438
2024-01-01 06:51:00,warning,success,module_12,medium,62.78760936752051
2024-01-01 06:52:00,request,success,module_9,medium,56.60901826374187
2024-01-01 06:53:00,response,success,module_1,low,38.85404160557261
2024-01-01 06:54:00,response,failed,module_7,medium,53.84199276009392
2024-01-01 06:55:00,startup,success,module_8,low,51.35632968269043
2024-01-01 06:56:00,response,success,module_11,low,25.03823366173383
2024-01-01 06:57:00,request,success,module_10,low,207.60407924232737
2024-01-01 06:58:00,response,failed,module_3,medium,50.90096555315504
2024-01-01 06:59:00,request,success,module_8,low,48.29946958620307
2024-01-01 07:00:00,request,timeout,module_1,low,54.73610676640765
2024-01-01 07:01:00,request,success,module_8,low,134.72787162803195
2024-01-01 07:02:00,request,success,module_7,high,55.11029787213025
2024-01-01 07:03:00,request,success,module_4,high,52.50305323775722
2024-01-01 07:04:00,response,success,module_11,medium,49.65158125955065
2024-01-01 07:05:00,request,failed,module_7,low,52.3931535955467
2024-01-01 07:06:00,startup,success,module_10,low,44.57696067662103
2024-01-01 07:07:00,startup,success,module_14,high,43.764692624327544
2024-01-01 07:08:00,request,success,module_11,low,51.47599594658104
2024-01-01 07:09:00,response,success,module_7,low,5.773072320720273
2024-01-01 07:10:00,response,failed,module_13,low,44.43741785937907
2024-01-01 07:11:00,warning,success,module_10,medium,39.40741766459132
2024-01-01 07:12:00,request,success,module_13,low,37.554273752777135
2024-01-01 07:13:00,warning,success,module_12,low,45.27162603302683
2024-01-01 07:14:00,response,success,module_1,medium,244.3107537074765
2024-01-01 07:15:00,warning,failed,module_3,medium,45.343249903114355
2024-01-01 07:16:00,request,failed,module_7,medium,53.46989141514815
2024-01-01 07:17:00,request,success,module_11,low,65.75630595638039
2024-01-01 07:18:00,response,success,module_13,medium,82.98759691493747
2024-01-01 07:19:00,shutdown,success,module_5,low,22.571741400956835
2024-01-01 07:20:00,warning,pending,module_9,medium,35.99129663533631
2024-01-01 07:21:00,request,success,module_7,medium,45.339404019072205
2024-01-01 07:22:00,request,success,module_3,low,52.07404999998691
2024-01-01 07:23:00,shutdown,success,module_1,low,55.46807168643854
2024-01-01 07:24:00,request,success,module_5,low,40.84816189658875
2024-01-01 07:25:00,request,success,module_14,low,12.084824039724229
2024-01-01 07:26:00,response,success,module_13,low,65.51906531293541
2024-01-01 07:27:00,warning,success,module_10,medium,57.5399818275928
2024-01-01 07:28:00,error,success,module_13,low,60.698499712691294
2024-01-01 07:29:00,response,success,module_5,high,46.78022098125317
2024-01-01 07:30:00,response,success,module_7,low,55.26743011722448
2024-01-01 07:31:00,response,success,module_14,low,20.005156105674537
2024-01-01 07:32:00,response,failed,module_1,low,33.94440284963593
2024-01-01 07:33:00,error,success,module_10,medium,67.9138610659928
2024-01-01 07:34:00,warning,pending,module_2,medium,50.46370823562399
2024-01-01 07:35:00,warning,success,module_11,high,78.03921930481118
2024-01-01 07:36:00,response,success,module_6,low,35.37941326710817
2024-01-01 07:37:00,request,failed,module_8,low,231.3405149276435
2024-01-01 07:38:00,error,pending,module_4,medium,90.43067208892089
2024-01-01 07:39:00,warning,success,module_3,medium,40.32619418194597
2024-01-01 07:40:00,response,pending,module_3,high,141.38754465755883
2024-01-01 07:41:00,response,success,module_3,low,68.78002869412576
2024-01-01 07:42:00,response,success,module_2,medium,41.55834214959649
2024-01-01 07:43:00,request,success,module_1,low,46.01589135067669
2024-01-01 07:44:00,request,success,module_5,low,39.00193333111093
2024-01-01 07:45:00,warning,success,module_10,low,39.40581613435525
2024-01-01 07:46:00,error,success,module_5,medium,256.1365459182642
2024-01-01 07:47:00,startup,success,module_5,medium,14.969126524688011
2024-01-01 07:48:00,warning,success,module_4,low,90.11000494117891
2024-01-01 07:49:00,request,timeout,module_3,low,71.61632695603612
2024-01-01 07:50:00,response,success,module_12,low,27.1380823480555
2024-01-01 07:51:00,error,success,module_3,low,267.0758939876135
2024-01-01 07:52:00,response,failed,module_2,low,51.886438718390885
2024-01-01 07:53:00,warning,success,module_5,low,35.96214547918093
2024-01-01 07:54:00,request,success,module_4,medium,43.07203672745331
2024-01-01 07:55:00,request,success,module_6,low,66.33738716902658
2024-01-01 07:56:00,request,success,module_2,low,58.968797851906125
2024-01-01 07:57:00,warning,pending,module_2,high,56.82922075063935
2024-01-01 07:58:00,request,success,module_8,low,57.46671808519554
2024-01-01 07:59:00,response,success,module_6,medium,65.93738456747533
2024-01-01 08:00:00,response,success,module_3,low,63.687363898200815
2024-01-01 08:01:00,warning,success,module_5,high,60.34108506399447
2024-01-01 08:02:00,response,success,module_3,low,44.77627707837482
2024-01-01 08:03:00,request,success,module_11,medium,75.265661781825
2024-01-01 08:04:00,response,failed,module_2,low,42.726219633284416
2024-01-01 08:05:00,request,failed,module_3,high,36.96858563872726
2024-01-01 08:06:00,response,success,module_1,low,41.54319349917536
2024-01-01 08:07:00,response,success,module_14,medium,32.131687309842086
2024-01-01 08:08:00,response,timeout,module_7,low,58.753638732285445
2024-01-01 08:09:00,startup,success,module_6,high,49.79655256099796
2024-01-01 08:10:00,request,timeout,module_5,medium,265.9930105208179
2024-01-01 08:11:00,request,failed,module_6,low,13.304343800131464
2024-01-01 08:12:00,startup,pending,module_8,low,53.163425848019365
2024-01-01 08:13:00,warning,success,module_3,low,46.14689288614483
2024-01-01 08:14:00,response,success,module_3,low,44.81593509995372
2024-01-01 08:15:00,request,success,module_12,low,34.38991290695146
2024-01-01 08:16:00,error,failed,module_5,critical,50.654389075195795
2024-01-01 08:17:00,request,success,module_5,medium,38.52933147803328
2024-01-01 08:18:00,startup,failed,module_14,high,72.79511087632655
2024-01-01 08:19:00,request,success,module_11,low,59.40598761606178
