time,source_ip,destination_ip,bytes_transferred,protocol,port
2024-01-01 00:00:00,192.168.1.157,10.0.0.240,44448.00473306802,TCP,443
2024-01-01 00:01:00,192.168.1.202,10.0.0.146,68811.5706944059,TCP,8080
2024-01-01 00:02:00,192.168.1.188,10.0.0.206,35519.86099583756,TCP,443
2024-01-01 00:03:00,192.168.1.146,10.0.0.227,28011.94043379918,TCP,443
2024-01-01 00:04:00,192.168.1.220,10.0.0.236,54400.14450053332,UDP,3306
2024-01-01 00:05:00,192.168.1.163,10.0.0.105,44979.45775647389,UDP,8080
2024-01-01 00:06:00,192.168.1.171,10.0.0.124,39787.671828692866,TCP,3306
2024-01-01 00:07:00,192.168.1.239,10.0.0.199,57083.56447299353,TCP,443
2024-01-01 00:08:00,192.168.1.223,10.0.0.233,52438.00713771199,UDP,80
2024-01-01 00:09:00,192.168.1.219,10.0.0.13,44359.213692632715,ICMP,443
2024-01-01 00:10:00,192.168.1.126,10.0.0.210,37196.956013291056,ICMP,3306
2024-01-01 00:11:00,192.168.1.139,10.0.0.229,58724.57328280144,UDP,8080
2024-01-01 00:12:00,192.168.1.49,10.0.0.141,56502.01177958661,TCP,8080
2024-01-01 00:13:00,192.168.1.113,10.0.0.100,49008.24136220617,TCP,3306
2024-01-01 00:14:00,192.168.1.38,10.0.0.31,68466.36996047666,ICMP,8080
2024-01-01 00:15:00,192.168.1.64,10.0.0.130,39299.15233673847,ICMP,5432
2024-01-01 00:16:00,192.168.1.69,10.0.0.16,34744.748290752614,UDP,80
2024-01-01 00:17:00,192.168.1.136,10.0.0.137,43080.919301187554,ICMP,80
2024-01-01 00:18:00,192.168.1.162,10.0.0.73,144274.37028515546,UDP,80
2024-01-01 00:19:00,192.168.1.176,10.0.0.166,52433.394493226915,ICMP,8080
2024-01-01 00:20:00,192.168.1.116,10.0.0.203,47587.6394214367,ICMP,8080
2024-01-01 00:21:00,192.168.1.184,10.0.0.54,53520.55396514296,ICMP,443
2024-01-01 00:22:00,192.168.1.204,10.0.0.184,37484.60575809556,TCP,443
2024-01-01 00:23:00,192.168.1.230,10.0.0.214,64437.646040732594,TCP,80
2024-01-01 00:24:00,192.168.1.65,10.0.0.225,49178.488216074315,TCP,5432
2024-01-01 00:25:00,192.168.1.31,10.0.0.100,61172.95831588128,ICMP,443
2024-01-01 00:26:00,192.168.1.132,10.0.0.109,53427.25346377704,UDP,443
2024-01-01 00:27:00,192.168.1.113,10.0.0.87,54567.53219153784,UDP,8080
2024-01-01 00:28:00,192.168.1.109,10.0.0.173,55697.672802322035,UDP,5432
2024-01-01 00:29:00,192.168.1.178,10.0.0.237,54477.085600173144,UDP,80
2024-01-01 00:30:00,192.168.1.69,10.0.0.162,56427.22759867544,TCP,443
2024-01-01 00:31:00,192.168.1.158,10.0.0.137,63291.52530132431,TCP,5432
2024-01-01 00:32:00,192.168.1.120,10.0.0.216,51965.2116970147,ICMP,5432
2024-01-01 00:33:00,192.168.1.88,10.0.0.8,57090.03757588512,ICMP,80
2024-01-01 00:34:00,192.168.1.187,10.0.0.7,49102.64305712773,UDP,5432
2024-01-01 00:35:00,192.168.1.67,10.0.0.36,64401.17215449473,TCP,5432
2024-01-01 00:36:00,192.168.1.75,10.0.0.18,43236.076979407306,UDP,5432
2024-01-01 00:37:00,192.168.1.45,10.0.0.3,211964.71741451128,ICMP,443
2024-01-01 00:38:00,192.168.1.4,10.0.0.28,49598.420493556565,ICMP,80
2024-01-01 00:39:00,192.168.1.154,10.0.0.70,35692.248978819516,UDP,5432
2024-01-01 00:40:00,192.168.1.155,10.0.0.236,182026.28890257576,ICMP,5432
2024-01-01 00:41:00,192.168.1.174,10.0.0.172,43189.483425251194,UDP,443
2024-01-01 00:42:00,192.168.1.246,10.0.0.149,58406.43548988724,TCP,80
2024-01-01 00:43:00,192.168.1.107,10.0.0.28,43473.76020697609,UDP,8080
2024-01-01 00:44:00,192.168.1.192,10.0.0.232,45538.165667852205,TCP,443
2024-01-01 00:45:00,192.168.1.219,10.0.0.54,31104.59269054469,TCP,80
2024-01-01 00:46:00,192.168.1.234,10.0.0.182,45476.936807509235,ICMP,5432
2024-01-01 00:47:00,192.168.1.51,10.0.0.65,25761.20673371043,ICMP,80
2024-01-01 00:48:00,192.168.1.50,10.0.0.100,34160.97176514276,ICMP,80
2024-01-01 00:49:00,192.168.1.6,10.0.0.21,57604.146561442976,UDP,80
2024-01-01 00:50:00,192.168.1.59,10.0.0.252,254718.51546882984,UDP,8080
2024-01-01 00:51:00,192.168.1.125,10.0.0.235,236785.11380956587,ICMP,80
2024-01-01 00:52:00,192.168.1.143,10.0.0.227,40330.23856870787,UDP,8080
2024-01-01 00:53:00,192.168.1.245,10.0.0.13,49522.8864385802,ICMP,5432
2024-01-01 00:54:00,192.168.1.30,10.0.0.57,49963.974609094315,UDP,8080
2024-01-01 00:55:00,192.168.1.170,10.0.0.49,38416.353108074574,TCP,5432
2024-01-01 00:56:00,192.168.1.229,10.0.0.118,65033.983017671504,TCP,5432
2024-01-01 00:57:00,192.168.1.122,10.0.0.54,58773.62290575671,ICMP,8080
2024-01-01 00:58:00,192.168.1.125,10.0.0.138,47790.35826170336,UDP,443
2024-01-01 00:59:00,192.168.1.37,10.0.0.53,50268.85838994531,UDP,3306
2024-01-01 01:00:00,192.168.1.170,10.0.0.44,52083.82807947553,TCP,80
2024-01-01 01:01:00,192.168.1.124,10.0.0.47,29582.651315757095,TCP,3306
2024-01-01 01:02:00,192.168.1.101,10.0.0.53,47528.22617479403,ICMP,80
2024-01-01 01:03:00,192.168.1.35,10.0.0.74,43180.15752002202,TCP,80
2024-01-01 01:04:00,192.168.1.87,10.0.0.46,39983.79990105084,ICMP,5432
2024-01-01 01:05:00,192.168.1.134,10.0.0.13,47188.99707114045,TCP,80
2024-01-01 01:06:00,192.168.1.196,10.0.0.165,67976.86526849522,TCP,80
2024-01-01 01:07:00,192.168.1.18,10.0.0.102,56408.4286126701,UDP,8080
2024-01-01 01:08:00,192.168.1.252,10.0.0.24,179321.78214164753,TCP,3306
2024-01-01 01:09:00,192.168.1.201,10.0.0.2,55725.827813561584,TCP,8080
2024-01-01 01:10:00,192.168.1.113,10.0.0.214,63993.55436586002,ICMP,80
2024-01-01 01:11:00,192.168.1.29,10.0.0.81,196178.2089052679,TCP,5432
2024-01-01 01:12:00,192.168.1.77,10.0.0.100,50596.303699201744,ICMP,8080
2024-01-01 01:13:00,192.168.1.59,10.0.0.142,43530.63222294426,TCP,8080
2024-01-01 01:14:00,192.168.1.175,10.0.0.138,15612.854730736251,TCP,443
2024-01-01 01:15:00,192.168.1.126,10.0.0.163,53934.853854217494,ICMP,80
2024-01-01 01:16:00,192.168.1.244,10.0.0.153,58951.932200277326,UDP,5432
2024-01-01 01:17:00,192.168.1.145,10.0.0.131,56351.718016819694,ICMP,8080
2024-01-01 01:18:00,192.168.1.109,10.0.0.111,60495.527153193354,ICMP,8080
2024-01-01 01:19:00,192.168.1.224,10.0.0.102,44647.64788439432,ICMP,5432
2024-01-01 01:20:00,192.168.1.240,10.0.0.17,63173.94065634326,UDP,80
2024-01-01 01:21:00,192.168.1.22,10.0.0.12,51975.996046924,TCP,443
2024-01-01 01:22:00,192.168.1.68,10.0.0.182,70752.60872625266,ICMP,8080
2024-01-01 01:23:00,192.168.1.69,10.0.0.116,5068.018359051796,ICMP,443
2024-01-01 01:24:00,192.168.1.165,10.0.0.24,67359.63803165249,UDP,3306
2024-01-01 01:25:00,192.168.1.233,10.0.0.29,51979.10783462648,ICMP,80
2024-01-01 01:26:00,192.168.1.49,10.0.0.171,43485.81996385552,TCP,3306
2024-01-01 01:27:00,192.168.1.141,10.0.0.153,45161.141659456785,UDP,3306
2024-01-01 01:28:00,192.168.1.162,10.0.0.228,46796.5269180568,TCP,3306
2024-01-01 01:29:00,192.168.1.109,10.0.0.122,54241.65946401916,TCP,80
2024-01-01 01:30:00,192.168.1.86,10.0.0.188,55228.35488035499,UDP,80
2024-01-01 01:31:00,192.168.1.53,10.0.0.90,44262.99996061421,ICMP,5432
2024-01-01 01:32:00,192.168.1.123,10.0.0.230,49756.45407739017,TCP,443
2024-01-01 01:33:00,192.168.1.87,10.0.0.65,168315.93153271958,TCP,443
2024-01-01 01:34:00,192.168.1.179,10.0.0.84,67275.43170100711,TCP,5432
2024-01-01 01:35:00,192.168.1.131,10.0.0.119,54363.23669674032,TCP,5432
2024-01-01 01:36:00,192.168.1.42,10.0.0.156,50380.034781682,UDP,3306
2024-01-01 01:37:00,192.168.1.98,10.0.0.16,51200.31326718261,UDP,5432
2024-01-01 01:38:00,192.168.1.160,10.0.0.175,10848.331892803833,TCP,8080
2024-01-01 01:39:00,192.168.1.109,10.0.0.209,10240.062653436522,ICMP,443
2024-01-01 01:40:00,192.168.1.51,10.0.0.104,203160.6960977292,TCP,5432
2024-01-01 01:41:00,192.168.1.250,10.0.0.92,33314.1592612241,ICMP,8080
2024-01-01 01:42:00,192.168.1.241,10.0.0.186,53992.23122605279,TCP,8080
2024-01-01 01:43:00,192.168.1.85,10.0.0.204,56471.95939702741,ICMP,8080
2024-01-01 01:44:00,192.168.1.174,10.0.0.27,45168.13537700626,TCP,8080
2024-01-01 01:45:00,192.168.1.127,10.0.0.246,65739.86763290032,ICMP,3306
2024-01-01 01:46:00,192.168.1.236,10.0.0.181,37742.34336997659,TCP,8080
2024-01-01 01:47:00,192.168.1.21,10.0.0.170,35356.2511979018,TCP,3306
2024-01-01 01:48:00,192.168.1.44,10.0.0.187,52244.51818559972,ICMP,3306
2024-01-01 01:49:00,192.168.1.139,10.0.0.175,60470.98302612155,UDP,8080
2024-01-01 01:50:00,192.168.1.103,10.0.0.222,66839.27691457869,ICMP,443
2024-01-01 01:51:00,192.168.1.68,10.0.0.233,116274.3334211763,UDP,8080
2024-01-01 01:52:00,192.168.1.243,10.0.0.162,60786.808334312955,TCP,8080
2024-01-01 01:53:00,192.168.1.129,10.0.0.165,49614.91530499293,ICMP,8080
2024-01-01 01:54:00,192.168.1.92,10.0.0.134,48273.7270005918,ICMP,443
2024-01-01 01:55:00,192.168.1.191,10.0.0.135,58836.59937486672,ICMP,80
2024-01-01 01:56:00,192.168.1.24,10.0.0.224,56523.2287841342,UDP,80
2024-01-01 01:57:00,192.168.1.125,10.0.0.224,34236.078430157504,UDP,3306
2024-01-01 01:58:00,192.168.1.227,10.0.0.245,64765.40349725896,TCP,3306
2024-01-01 01:59:00,192.168.1.141,10.0.0.153,63800.91354147452,UDP,443
2024-01-01 02:00:00,192.168.1.111,10.0.0.33,43744.37298490471,UDP,5432
2024-01-01 02:01:00,192.168.1.98,10.0.0.55,53958.03533437409,TCP,80
2024-01-01 02:02:00,192.168.1.139,10.0.0.186,54940.301862827386,ICMP,3306
2024-01-01 02:03:00,192.168.1.228,10.0.0.7,52606.73765823907,ICMP,80
2024-01-01 02:04:00,192.168.1.179,10.0.0.244,44496.9484615458,TCP,443
2024-01-01 02:05:00,192.168.1.253,10.0.0.57,43283.766320619485,ICMP,443
2024-01-01 02:06:00,192.168.1.17,10.0.0.126,206769.87037623295,UDP,5432
2024-01-01 02:07:00,192.168.1.99,10.0.0.12,61727.290192593646,TCP,5432
2024-01-01 02:08:00,192.168.1.252,10.0.0.16,55436.00154594432,TCP,443
2024-01-01 02:09:00,192.168.1.82,10.0.0.208,46293.85667913894,TCP,3306
2024-01-01 02:10:00,192.168.1.104,10.0.0.43,57716.98710648344,ICMP,80
2024-01-01 02:11:00,192.168.1.214,10.0.0.117,21514.573793699245,TCP,8080
2024-01-01 02:12:00,192.168.1.249,10.0.0.228,61487.65700372103,TCP,5432
2024-01-01 02:13:00,192.168.1.152,10.0.0.205,32602.862212219003,TCP,8080
2024-01-01 02:14:00,192.168.1.250,10.0.0.135,46375.590585968675,ICMP,3306
2024-01-01 02:15:00,192.168.1.19,10.0.0.228,38803.30105373856,UDP,5432
2024-01-01 02:16:00,192.168.1.165,10.0.0.111,37053.18524279095,TCP,8080
2024-01-01 02:17:00,192.168.1.231,10.0.0.51,7215.3395506236975,UDP,3306
2024-01-01 02:18:00,192.168.1.85,10.0.0.201,45322.98798688109,ICMP,80
2024-01-01 02:19:00,192.168.1.8,10.0.0.160,53465.038817307155,ICMP,3306
2024-01-01 02:20:00,192.168.1.28,10.0.0.75,49530.79421120816,ICMP,5432
2024-01-01 02:21:00,192.168.1.5,10.0.0.8,54770.408272231216,ICMP,443
2024-01-01 02:22:00,192.168.1.145,10.0.0.225,50768.218910602554,UDP,80
2024-01-01 02:23:00,192.168.1.101,10.0.0.215,37170.077758114305,TCP,8080
2024-01-01 02:24:00,192.168.1.164,10.0.0.217,59962.6681944714,ICMP,5432
2024-01-01 02:25:00,192.168.1.118,10.0.0.248,45062.43416838688,ICMP,443
2024-01-01 02:26:00,192.168.1.147,10.0.0.200,34434.18101340249,UDP,3306
2024-01-01 02:27:00,192.168.1.64,10.0.0.45,11259.242883949384,UDP,443
2024-01-01 02:28:00,192.168.1.91,10.0.0.214,172701.33041028274,ICMP,5432
2024-01-01 02:29:00,192.168.1.117,10.0.0.59,58502.21742113493,TCP,5432
2024-01-01 02:30:00,192.168.1.98,10.0.0.132,46513.47865592141,TCP,443
2024-01-01 02:31:00,192.168.1.11,10.0.0.104,46507.42295681571,ICMP,3306
2024-01-01 02:32:00,192.168.1.54,10.0.0.195,46783.64948782617,UDP,443
2024-01-01 02:33:00,192.168.1.173,10.0.0.157,70767.4798356084,ICMP,5432
2024-01-01 02:34:00,192.168.1.47,10.0.0.233,53819.35452231553,ICMP,5432
2024-01-01 02:35:00,192.168.1.140,10.0.0.157,225861.18220251024,UDP,8080
2024-01-01 02:36:00,192.168.1.246,10.0.0.98,60302.83454031842,ICMP,8080
2024-01-01 02:37:00,192.168.1.149,10.0.0.226,52387.891590265135,ICMP,80
2024-01-01 02:38:00,192.168.1.246,10.0.0.156,47409.578541792966,ICMP,5432
2024-01-01 02:39:00,192.168.1.139,10.0.0.205,10838.859922033418,UDP,8080
2024-01-01 02:40:00,192.168.1.231,10.0.0.79,49283.98740585936,TCP,443
2024-01-01 02:41:00,192.168.1.220,10.0.0.124,49627.777634901584,TCP,3306
2024-01-01 02:42:00,192.168.1.5,10.0.0.215,57276.2954363698,UDP,443
2024-01-01 02:43:00,192.168.1.209,10.0.0.172,50519.458858073,TCP,3306
2024-01-01 02:44:00,192.168.1.184,10.0.0.218,57326.400772155794,ICMP,8080
2024-01-01 02:45:00,192.168.1.20,10.0.0.4,49192.83419891418,TCP,80
2024-01-01 02:46:00,192.168.1.169,10.0.0.90,50786.3519031609,ICMP,443
2024-01-01 02:47:00,192.168.1.46,10.0.0.104,30017.993154678923,TCP,443
2024-01-01 02:48:00,192.168.1.250,10.0.0.137,59163.276747024815,UDP,443
2024-01-01 02:49:00,192.168.1.12,10.0.0.119,53464.884758979926,TCP,3306
2024-01-01 02:50:00,192.168.1.70,10.0.0.133,59980.10109859652,TCP,8080
2024-01-01 02:51:00,192.168.1.17,10.0.0.56,21037.44621806311,TCP,443
2024-01-01 02:52:00,192.168.1.115,10.0.0.96,70883.74704780728,UDP,443
2024-01-01 02:53:00,192.168.1.147,10.0.0.212,48604.10371844826,TCP,80
2024-01-01 02:54:00,192.168.1.154,10.0.0.178,61081.82816737516,UDP,80
2024-01-01 02:55:00,192.168.1.48,10.0.0.75,39600.94072874469,ICMP,8080
2024-01-01 02:56:00,192.168.1.108,10.0.0.143,56127.7390506257,TCP,8080
2024-01-01 02:57:00,192.168.1.236,10.0.0.32,39465.84436826344,UDP,5432
2024-01-01 02:58:00,192.168.1.52,10.0.0.28,43762.310393041946,UDP,80
2024-01-01 02:59:00,192.168.1.96,10.0.0.22,69140.31353866786,TCP,5432
2024-01-01 03:00:00,192.168.1.70,10.0.0.233,48093.17599236654,ICMP,3306
2024-01-01 03:01:00,192.168.1.183,10.0.0.17,16296.679188410606,UDP,5432
2024-01-01 03:02:00,192.168.1.250,10.0.0.59,58700.67730688754,TCP,443
2024-01-01 03:03:00,192.168.1.228,10.0.0.90,186332.0432735636,ICMP,5432
2024-01-01 03:04:00,192.168.1.102,10.0.0.236,51504.189051435766,UDP,8080
2024-01-01 03:05:00,192.168.1.75,10.0.0.199,53649.61002466225,UDP,3306
2024-01-01 03:06:00,192.168.1.161,10.0.0.106,74034.15585238276,ICMP,443
2024-01-01 03:07:00,192.168.1.190,10.0.0.185,49423.81202966414,ICMP,5432
2024-01-01 03:08:00,192.168.1.216,10.0.0.26,52010.99046714968,TCP,3306
2024-01-01 03:09:00,192.168.1.151,10.0.0.25,60506.54396007612,TCP,3306
2024-01-01 03:10:00,192.168.1.143,10.0.0.138,61055.25932957984,UDP,443
2024-01-01 03:11:00,192.168.1.155,10.0.0.251,61870.3030556038,ICMP,5432
2024-01-01 03:12:00,192.168.1.203,10.0.0.45,56387.30222029184,ICMP,3306
2024-01-01 03:13:00,192.168.1.192,10.0.0.83,9787.15568282887,ICMP,3306
2024-01-01 03:14:00,192.168.1.249,10.0.0.11,66334.31532301096,UDP,80
2024-01-01 03:15:00,192.168.1.243,10.0.0.205,38536.54606981312,ICMP,3306
2024-01-01 03:16:00,192.168.1.242,10.0.0.181,17810.67546203322,ICMP,80
2024-01-01 03:17:00,192.168.1.209,10.0.0.200,42457.24149980642,UDP,5432
2024-01-01 03:18:00,192.168.1.179,10.0.0.104,49358.616534070075,TCP,5432
2024-01-01 03:19:00,192.168.1.181,10.0.0.68,53287.62410303481,TCP,5432
2024-01-01 03:20:00,192.168.1.206,10.0.0.239,53213.57215450273,UDP,8080
2024-01-01 03:21:00,192.168.1.219,10.0.0.95,54219.20754235285,ICMP,5432
2024-01-01 03:22:00,192.168.1.82,10.0.0.156,66137.11269058647,UDP,3306
2024-01-01 03:23:00,192.168.1.92,10.0.0.203,54535.3430151398,TCP,443
2024-01-01 03:24:00,192.168.1.179,10.0.0.235,47558.43364709352,TCP,80
2024-01-01 03:25:00,192.168.1.175,10.0.0.65,59640.871682883575,UDP,8080
2024-01-01 03:26:00,192.168.1.239,10.0.0.49,61894.70488924641,UDP,5432
2024-01-01 03:27:00,192.168.1.4,10.0.0.175,37723.921848630074,TCP,5432
2024-01-01 03:28:00,192.168.1.135,10.0.0.52,55974.00069849858,UDP,443
2024-01-01 03:29:00,192.168.1.109,10.0.0.102,57011.72742310898,TCP,443
2024-01-01 03:30:00,192.168.1.163,10.0.0.216,47024.36496640008,UDP,8080
2024-01-01 03:31:00,192.168.1.48,10.0.0.182,169785.80425175847,UDP,80
2024-01-01 03:32:00,192.168.1.73,10.0.0.188,48499.44412967473,UDP,5432
2024-01-01 03:33:00,192.168.1.72,10.0.0.57,51255.764534715425,TCP,8080
2024-01-01 03:34:00,192.168.1.116,10.0.0.47,48269.281757161305,UDP,3306
2024-01-01 03:35:00,192.168.1.173,10.0.0.159,50155.79047581467,TCP,3306
2024-01-01 03:36:00,192.168.1.81,10.0.0.233,39037.24913104798,TCP,8080
2024-01-01 03:37:00,192.168.1.81,10.0.0.174,35599.49117405705,UDP,5432
2024-01-01 03:38:00,192.168.1.113,10.0.0.242,65945.05063224972,UDP,8080
2024-01-01 03:39:00,192.168.1.225,10.0.0.26,41530.386516816725,TCP,5432
2024-01-01 03:40:00,192.168.1.96,10.0.0.241,40086.076505436926,TCP,443
2024-01-01 03:41:00,192.168.1.72,10.0.0.114,28466.098863962852,ICMP,8080
2024-01-01 03:42:00,192.168.1.147,10.0.0.5,43610.38252310498,TCP,5432
2024-01-01 03:43:00,192.168.1.63,10.0.0.84,36769.10206592501,ICMP,8080
2024-01-01 03:44:00,192.168.1.38,10.0.0.52,66420.15160136369,ICMP,8080
2024-01-01 03:45:00,192.168.1.67,10.0.0.105,60098.170893426344,ICMP,5432
2024-01-01 03:46:00,192.168.1.187,10.0.0.203,43118.49654822276,UDP,5432
2024-01-01 03:47:00,192.168.1.69,10.0.0.248,72524.3580534431,UDP,80
2024-01-01 03:48:00,192.168.1.13,10.0.0.54,59817.65486991594,TCP,8080
2024-01-01 03:49:00,192.168.1.175,10.0.0.161,46751.68616491378,ICMP,3306
2024-01-01 03:50:00,192.168.1.238,10.0.0.178,25005.942851264273,UDP,8080
2024-01-01 03:51:00,192.168.1.189,10.0.0.166,72909.42572590741,UDP,8080
2024-01-01 03:52:00,192.168.1.31,10.0.0.155,36104.27533236404,UDP,5432
2024-01-01 03:53:00,192.168.1.247,10.0.0.226,33546.01253043108,UDP,8080
2024-01-01 03:54:00,192.168.1.208,10.0.0.15,60225.7043200964,UDP,8080
2024-01-01 03:55:00,192.168.1.114,10.0.0.224,74397.52406339273,ICMP,3306
2024-01-01 03:56:00,192.168.1.224,10.0.0.61,63842.72818510518,ICMP,5432
2024-01-01 03:57:00,192.168.1.22,10.0.0.122,55639.091200523595,ICMP,8080
2024-01-01 03:58:00,192.168.1.93,10.0.0.21,55947.54341665286,ICMP,443
2024-01-01 03:59:00,192.168.1.214,10.0.0.46,58534.15558780308,TCP,80
2024-01-01 04:00:00,192.168.1.171,10.0.0.197,57589.28589786765,ICMP,3306
2024-01-01 04:01:00,192.168.1.67,10.0.0.134,52811.91423969376,UDP,8080
2024-01-01 04:02:00,192.168.1.54,10.0.0.38,51042.01103951876,ICMP,443
2024-01-01 04:03:00,192.168.1.138,10.0.0.62,49374.068721004776,TCP,8080
2024-01-01 04:04:00,192.168.1.42,10.0.0.86,42460.35411133324,UDP,8080
2024-01-01 04:05:00,192.168.1.64,10.0.0.190,47193.24923133226,ICMP,5432
2024-01-01 04:06:00,192.168.1.126,10.0.0.210,33070.43185804615,ICMP,5432
2024-01-01 04:07:00,192.168.1.21,10.0.0.78,49016.6037320525,ICMP,5432
2024-01-01 04:08:00,192.168.1.208,10.0.0.202,218478.78262624753,UDP,443
2024-01-01 04:09:00,192.168.1.204,10.0.0.46,38964.10682784229,UDP,8080
2024-01-01 04:10:00,192.168.1.194,10.0.0.141,51798.94151153479,TCP,80
2024-01-01 04:11:00,192.168.1.169,10.0.0.223,63920.02286344599,UDP,3306
2024-01-01 04:12:00,192.168.1.152,10.0.0.222,59183.16606002313,UDP,5432
2024-01-01 04:13:00,192.168.1.35,10.0.0.3,34294.993963768226,ICMP,5432
2024-01-01 04:14:00,192.168.1.184,10.0.0.222,40103.71863429662,UDP,8080
2024-01-01 04:15:00,192.168.1.30,10.0.0.6,59407.71187988216,ICMP,8080
2024-01-01 04:16:00,192.168.1.57,10.0.0.93,40175.1260646169,ICMP,443
2024-01-01 04:17:00,192.168.1.222,10.0.0.8,47753.66850002975,UDP,443
2024-01-01 04:18:00,192.168.1.47,10.0.0.172,55500.52099024552,TCP,5432
2024-01-01 04:19:00,192.168.1.163,10.0.0.237,40316.555451363645,TCP,8080
2024-01-01 04:20:00,192.168.1.19,10.0.0.235,199078.4615704836,UDP,80
2024-01-01 04:21:00,192.168.1.114,10.0.0.108,36659.74505081795,TCP,3306
2024-01-01 04:22:00,192.168.1.8,10.0.0.161,43986.323560487865,ICMP,8080
2024-01-01 04:23:00,192.168.1.26,10.0.0.209,53197.81934142537,ICMP,8080
2024-01-01 04:24:00,192.168.1.113,10.0.0.240,10883.645645935949,UDP,443
2024-01-01 04:25:00,192.168.1.232,10.0.0.75,54404.74737960399,TCP,3306
2024-01-01 04:26:00,192.168.1.71,10.0.0.77,49803.62201073319,TCP,5432
2024-01-01 04:27:00,192.168.1.30,10.0.0.50,55524.89954417148,ICMP,8080
2024-01-01 04:28:00,192.168.1.135,10.0.0.11,52239.141340646616,UDP,5432
2024-01-01 04:29:00,192.168.1.67,10.0.0.95,63641.40429973844,TCP,8080
2024-01-01 04:30:00,192.168.1.65,10.0.0.156,51252.245026479075,UDP,5432
2024-01-01 04:31:00,192.168.1.36,10.0.0.236,45705.94458874747,TCP,3306
2024-01-01 04:32:00,192.168.1.25,10.0.0.70,51222.97503032283,ICMP,443
2024-01-01 04:33:00,192.168.1.37,10.0.0.169,55432.980290363885,ICMP,3306
2024-01-01 04:34:00,192.168.1.1,10.0.0.16,50488.60070325704,UDP,80
2024-01-01 04:35:00,192.168.1.143,10.0.0.68,50405.916912038825,ICMP,443
2024-01-01 04:36:00,192.168.1.37,10.0.0.99,42980.08312193245,TCP,3306
2024-01-01 04:37:00,192.168.1.141,10.0.0.252,43370.99082449052,ICMP,80
2024-01-01 04:38:00,192.168.1.232,10.0.0.48,35973.947282003064,UDP,8080
2024-01-01 04:39:00,192.168.1.136,10.0.0.184,67495.76743186939,UDP,8080
2024-01-01 04:40:00,192.168.1.133,10.0.0.64,37561.36764608715,UDP,5432
2024-01-01 04:41:00,192.168.1.188,10.0.0.187,43070.94802204093,TCP,443
2024-01-01 04:42:00,192.168.1.128,10.0.0.90,42815.927344308024,TCP,8080
2024-01-01 04:43:00,192.168.1.201,10.0.0.190,58949.243769444416,TCP,443
2024-01-01 04:44:00,192.168.1.127,10.0.0.249,47050.50321707972,TCP,8080
2024-01-01 04:45:00,192.168.1.1,10.0.0.76,62477.420726737335,TCP,5432
2024-01-01 04:46:00,192.168.1.164,10.0.0.139,43265.09375756131,ICMP,3306
2024-01-01 04:47:00,192.168.1.35,10.0.0.101,52789.94162223802,TCP,5432
2024-01-01 04:48:00,192.168.1.194,10.0.0.89,41646.529467402426,TCP,80
2024-01-01 04:49:00,192.168.1.191,10.0.0.18,71451.49127773388,ICMP,8080
2024-01-01 04:50:00,192.168.1.104,10.0.0.19,38124.01580970487,TCP,80
2024-01-01 04:51:00,192.168.1.23,10.0.0.215,53098.20710227027,UDP,80
2024-01-01 04:52:00,192.168.1.9,10.0.0.55,56337.76880932099,TCP,443
2024-01-01 04:53:00,192.168.1.34,10.0.0.102,54137.990974514985,TCP,8080
2024-01-01 04:54:00,192.168.1.174,10.0.0.118,48147.123411222914,UDP,80
2024-01-01 04:55:00,192.168.1.206,10.0.0.210,48701.79300266574,UDP,3306
2024-01-01 04:56:00,192.168.1.128,10.0.0.154,50438.1147197911,UDP,80
2024-01-01 04:57:00,192.168.1.4,10.0.0.134,48529.979983715115,UDP,3306
2024-01-01 04:58:00,192.168.1.158,10.0.0.4,9740.358600533149,TCP,443
2024-01-01 04:59:00,192.168.1.223,10.0.0.108,10087.62294395822,UDP,80
2024-01-01 05:00:00,192.168.1.102,10.0.0.115,194463.5459727617,UDP,5432
2024-01-01 05:01:00,192.168.1.75,10.0.0.29,36301.97020420922,ICMP,443
2024-01-01 05:02:00,192.168.1.99,10.0.0.59,49117.17951648745,UDP,3306
2024-01-01 05:03:00,192.168.1.72,10.0.0.125,75797.09337654318,UDP,443
2024-01-01 05:04:00,192.168.1.3,10.0.0.98,41963.254320302694,ICMP,80
2024-01-01 05:05:00,192.168.1.142,10.0.0.17,66391.16805444067,ICMP,8080
2024-01-01 05:06:00,192.168.1.188,10.0.0.107,66777.0081407644,TCP,8080
2024-01-01 05:07:00,192.168.1.205,10.0.0.43,44464.11758292005,ICMP,3306
2024-01-01 05:08:00,192.168.1.173,10.0.0.245,181541.38611685313,TCP,3306
2024-01-01 05:09:00,192.168.1.224,10.0.0.80,66283.96623128538,ICMP,8080
2024-01-01 05:10:00,192.168.1.34,10.0.0.194,46208.72259012513,ICMP,3306
2024-01-01 05:11:00,192.168.1.45,10.0.0.162,47964.19639897638,TCP,443
2024-01-01 05:12:00,192.168.1.61,10.0.0.247,44183.19086051356,ICMP,5432
2024-01-01 05:13:00,192.168.1.83,10.0.0.8,39852.43269307133,TCP,5432
2024-01-01 05:14:00,192.168.1.123,10.0.0.141,43507.22454933993,ICMP,443
2024-01-01 05:15:00,192.168.1.102,10.0.0.106,37760.59733237744,UDP,5432
2024-01-01 05:16:00,192.168.1.16,10.0.0.8,50340.83468259226,ICMP,80
2024-01-01 05:17:00,192.168.1.66,10.0.0.222,42300.26768941359,TCP,443
2024-01-01 05:18:00,192.168.1.168,10.0.0.96,52337.85911790748,ICMP,3306
2024-01-01 05:19:00,192.168.1.145,10.0.0.228,34441.04353796373,TCP,443
2024-01-01 05:20:00,192.168.1.119,10.0.0.239,53308.80232214457,TCP,8080
2024-01-01 05:21:00,192.168.1.162,10.0.0.94,58335.28961608925,UDP,3306
2024-01-01 05:22:00,192.168.1.234,10.0.0.65,30062.643574285445,UDP,8080
2024-01-01 05:23:00,192.168.1.124,10.0.0.171,53740.56569847572,TCP,3306
2024-01-01 05:24:00,192.168.1.144,10.0.0.39,62276.68992473292,ICMP,5432
2024-01-01 05:25:00,192.168.1.102,10.0.0.81,37903.58981308794,TCP,443
2024-01-01 05:26:00,192.168.1.188,10.0.0.187,66725.72386837703,TCP,80
2024-01-01 05:27:00,192.168.1.66,10.0.0.84,54190.19009366045,ICMP,3306
2024-01-01 05:28:00,192.168.1.194,10.0.0.88,186821.68927027637,ICMP,3306
2024-01-01 05:29:00,192.168.1.218,10.0.0.242,49442.30922342294,ICMP,8080
2024-01-01 05:30:00,192.168.1.13,10.0.0.86,55583.26912521722,ICMP,5432
2024-01-01 05:31:00,192.168.1.184,10.0.0.93,50760.05391412412,TCP,8080
2024-01-01 05:32:00,192.168.1.111,10.0.0.86,55387.55992446369,TCP,8080
2024-01-01 05:33:00,192.168.1.159,10.0.0.44,40793.264069206336,UDP,5432
2024-01-01 05:34:00,192.168.1.252,10.0.0.137,51693.60824036078,TCP,80
2024-01-01 05:35:00,192.168.1.34,10.0.0.165,35862.855030950195,ICMP,8080
2024-01-01 05:36:00,192.168.1.39,10.0.0.74,239893.40300445873,UDP,8080
2024-01-01 05:37:00,192.168.1.195,10.0.0.36,40960.9235853521,ICMP,3306
2024-01-01 05:38:00,192.168.1.136,10.0.0.101,42644.70057410233,TCP,5432
2024-01-01 05:39:00,192.168.1.215,10.0.0.220,62360.93175210437,UDP,443
2024-01-01 05:40:00,192.168.1.206,10.0.0.156,60913.10120594269,ICMP,80
2024-01-01 05:41:00,192.168.1.120,10.0.0.170,56091.38120907177,UDP,80
2024-01-01 05:42:00,192.168.1.126,10.0.0.171,39076.87235327421,UDP,5432
2024-01-01 05:43:00,192.168.1.55,10.0.0.213,46835.91550305198,TCP,3306
2024-01-01 05:44:00,192.168.1.27,10.0.0.216,62130.976999791834,ICMP,3306
2024-01-01 05:45:00,192.168.1.118,10.0.0.170,169929.0358408311,UDP,5432
2024-01-01 05:46:00,192.168.1.221,10.0.0.252,268759.9189250793,UDP,3306
2024-01-01 05:47:00,192.168.1.231,10.0.0.104,53933.178393943715,ICMP,80
2024-01-01 05:48:00,192.168.1.53,10.0.0.66,51920.49116490032,UDP,80
2024-01-01 05:49:00,192.168.1.39,10.0.0.55,46908.83535797499,UDP,443
2024-01-01 05:50:00,192.168.1.65,10.0.0.200,51335.40904782282,UDP,5432
2024-01-01 05:51:00,192.168.1.145,10.0.0.176,48475.30163619456,ICMP,8080
2024-01-01 05:52:00,192.168.1.233,10.0.0.91,271548.28582206694,ICMP,8080
2024-01-01 05:53:00,192.168.1.158,10.0.0.22,59567.02316794584,ICMP,443
2024-01-01 05:54:00,192.168.1.181,10.0.0.101,42140.1053949205,ICMP,443
2024-01-01 05:55:00,192.168.1.13,10.0.0.155,36687.67046442222,TCP,3306
2024-01-01 05:56:00,192.168.1.21,10.0.0.121,31637.946268967033,UDP,443
2024-01-01 05:57:00,192.168.1.147,10.0.0.93,55079.913269125434,ICMP,443
2024-01-01 05:58:00,192.168.1.53,10.0.0.195,6696.483372517553,UDP,8080
2024-01-01 05:59:00,192.168.1.19,10.0.0.108,28471.09407047517,UDP,3306
2024-01-01 06:00:00,192.168.1.57,10.0.0.141,213226.97616590656,TCP,443
2024-01-01 06:01:00,192.168.1.25,10.0.0.173,74929.99517432791,ICMP,443
2024-01-01 06:02:00,192.168.1.214,10.0.0.10,49939.29088460107,ICMP,3306
2024-01-01 06:03:00,192.168.1.31,10.0.0.228,58384.90774451642,UDP,5432
2024-01-01 06:04:00,192.168.1.81,10.0.0.9,17756.524358520066,ICMP,3306
2024-01-01 06:05:00,192.168.1.183,10.0.0.182,49011.10346808857,UDP,8080
2024-01-01 06:06:00,192.168.1.23,10.0.0.248,59190.76482987768,UDP,5432
2024-01-01 06:07:00,192.168.1.32,10.0.0.247,220541.25572372973,TCP,80
2024-01-01 06:08:00,192.168.1.190,10.0.0.155,52673.92314071903,TCP,3306
2024-01-01 06:09:00,192.168.1.74,10.0.0.34,53216.97806196014,TCP,8080
2024-01-01 06:10:00,192.168.1.10,10.0.0.243,43319.09546356951,UDP,5432
2024-01-01 06:11:00,192.168.1.228,10.0.0.129,59920.42349536523,ICMP,3306
2024-01-01 06:12:00,192.168.1.200,10.0.0.160,48250.402433045914,TCP,443
2024-01-01 06:13:00,192.168.1.54,10.0.0.89,42442.54840507155,ICMP,3306
2024-01-01 06:14:00,192.168.1.52,10.0.0.93,55365.09843570403,TCP,80
2024-01-01 06:15:00,192.168.1.148,10.0.0.71,41015.32018208963,TCP,3306
2024-01-01 06:16:00,192.168.1.160,10.0.0.241,50281.81157369128,UDP,5432
2024-01-01 06:17:00,192.168.1.114,10.0.0.67,49908.810033557966,TCP,5432
2024-01-01 06:18:00,192.168.1.14,10.0.0.212,60858.95565831578,TCP,3306
2024-01-01 06:19:00,192.168.1.178,10.0.0.148,54746.98232879953,UDP,5432
2024-01-01 06:20:00,192.168.1.156,10.0.0.117,49749.73041254856,ICMP,443
2024-01-01 06:21:00,192.168.1.110,10.0.0.94,58177.66299200287,TCP,3306
2024-01-01 06:22:00,192.168.1.244,10.0.0.163,63902.075490173134,UDP,443
2024-01-01 06:23:00,192.168.1.53,10.0.0.99,55578.103063518625,TCP,443
2024-01-01 06:24:00,192.168.1.152,10.0.0.113,50103.52619843381,UDP,8080
2024-01-01 06:25:00,192.168.1.79,10.0.0.103,36881.6376764984,ICMP,3306
2024-01-01 06:26:00,192.168.1.22,10.0.0.91,39348.863369246275,ICMP,5432
2024-01-01 06:27:00,192.168.1.30,10.0.0.90,46947.752956453325,UDP,443
2024-01-01 06:28:00,192.168.1.191,10.0.0.206,43904.87797840717,UDP,8080
2024-01-01 06:29:00,192.168.1.4,10.0.0.17,48130.28697014554,UDP,3306
2024-01-01 06:30:00,192.168.1.205,10.0.0.18,50566.49924897107,ICMP,3306
2024-01-01 06:31:00,192.168.1.59,10.0.0.173,55296.927543567304,TCP,80
2024-01-01 06:32:00,192.168.1.215,10.0.0.116,49295.01221940909,ICMP,80
2024-01-01 06:33:00,192.168.1.8,10.0.0.93,54865.01643826202,UDP,443
2024-01-01 06:34:00,192.168.1.210,10.0.0.212,50644.7441481012,UDP,80
2024-01-01 06:35:00,192.168.1.12,10.0.0.181,5332.780958128904,ICMP,443
2024-01-01 06:36:00,192.168.1.119,10.0.0.91,40606.646061812455,UDP,5432
2024-01-01 06:37:00,192.168.1.159,10.0.0.82,48559.12444278385,ICMP,443
2024-01-01 06:38:00,192.168.1.206,10.0.0.68,108025.98325610404,UDP,80
2024-01-01 06:39:00,192.168.1.34,10.0.0.193,55999.287299962045,TCP,5432
2024-01-01 06:40:00,192.168.1.82,10.0.0.114,65307.508323436974,TCP,80
2024-01-01 06:41:00,192.168.1.248,10.0.0.1,62187.61851697317,UDP,443
2024-01-01 06:42:00,192.168.1.98,10.0.0.58,47865.57129069792,ICMP,8080
2024-01-01 06:43:00,192.168.1.127,10.0.0.154,64907.26136849952,TCP,3306
2024-01-01 06:44:00,192.168.1.75,10.0.0.109,51486.67457202112,ICMP,80
2024-01-01 06:45:00,192.168.1.105,10.0.0.148,46629.1402888196,UDP,443
2024-01-01 06:46:00,192.168.1.204,10.0.0.116,43865.9733645906,ICMP,5432
2024-01-01 06:47:00,192.168.1.49,10.0.0.87,46975.30313511872,TCP,80
2024-01-01 06:48:00,192.168.1.79,10.0.0.10,116179.20862234816,ICMP,80
2024-01-01 06:49:00,192.168.1.185,10.0.0.59,51704.16222375488,ICMP,3306
2024-01-01 06:50:00,192.168.1.223,10.0.0.203,142951.2219275,UDP,443
2024-01-01 06:51:00,192.168.1.241,10.0.0.41,50030.460201534144,UDP,8080
2024-01-01 06:52:00,192.168.1.250,10.0.0.105,54369.3816974635,UDP,5432
2024-01-01 06:53:00,192.168.1.93,10.0.0.133,61906.462747863414,TCP,443
2024-01-01 06:54:00,192.168.1.154,10.0.0.122,59495.54135441324,TCP,5432
2024-01-01 06:55:00,192.168.1.18,10.0.0.193,35151.020315500966,UDP,80
2024-01-01 06:56:00,192.168.1.96,10.0.0.145,24460.788650980452,UDP,3306
2024-01-01 06:57:00,192.168.1.214,10.0.0.22,59343.19911239274,TCP,3306
2024-01-01 06:58:00,192.168.1.38,10.0.0.98,198366.03509480553,TCP,8080
2024-01-01 06:59:00,192.168.1.209,10.0.0.248,47752.345981073166,TCP,3306
2024-01-01 07:00:00,192.168.1.87,10.0.0.237,38298.86973940641,TCP,80
2024-01-01 07:01:00,192.168.1.88,10.0.0.169,31980.1956241998,UDP,8080
2024-01-01 07:02:00,192.168.1.50,10.0.0.221,55414.62728204788,TCP,443
2024-01-01 07:03:00,192.168.1.8,10.0.0.68,57591.55160302647,UDP,3306
2024-01-01 07:04:00,192.168.1.169,10.0.0.197,44234.8959927328,ICMP,8080
2024-01-01 07:05:00,192.168.1.134,10.0.0.139,24089.5770785509,ICMP,80
2024-01-01 07:06:00,192.168.1.69,10.0.0.56,44537.55551747517,TCP,5432
2024-01-01 07:07:00,192.168.1.172,10.0.0.179,53918.04005402546,ICMP,5432
2024-01-01 07:08:00,192.168.1.121,10.0.0.149,35210.88431225871,ICMP,80
2024-01-01 07:09:00,192.168.1.64,10.0.0.99,51833.599197791555,ICMP,80
2024-01-01 07:10:00,192.168.1.157,10.0.0.76,49846.90150827004,TCP,5432
2024-01-01 07:11:00,192.168.1.156,10.0.0.26,55792.91499601088,TCP,8080
2024-01-01 07:12:00,192.168.1.139,10.0.0.115,51195.80368414153,ICMP,5432
2024-01-01 07:13:00,192.168.1.121,10.0.0.147,40269.31059118445,UDP,80
2024-01-01 07:14:00,192.168.1.65,10.0.0.109,61965.715016644914,ICMP,3306
2024-01-01 07:15:00,192.168.1.107,10.0.0.188,48414.7042697303,TCP,443
2024-01-01 07:16:00,192.168.1.147,10.0.0.199,49726.95460490068,TCP,3306
2024-01-01 07:17:00,192.168.1.137,10.0.0.47,40667.32040926804,TCP,3306
2024-01-01 07:18:00,192.168.1.155,10.0.0.247,186415.4791922316,ICMP,80
2024-01-01 07:19:00,192.168.1.162,10.0.0.71,7295.510887866318,UDP,5432
2024-01-01 07:20:00,192.168.1.172,10.0.0.154,13570.713600555568,TCP,8080
2024-01-01 07:21:00,192.168.1.196,10.0.0.40,67117.08480142344,TCP,3306
2024-01-01 07:22:00,192.168.1.100,10.0.0.133,36280.98857068644,ICMP,5432
2024-01-01 07:23:00,192.168.1.82,10.0.0.149,33864.38602123259,UDP,8080
2024-01-01 07:24:00,192.168.1.143,10.0.0.206,64711.70327493609,ICMP,3306
2024-01-01 07:25:00,192.168.1.51,10.0.0.132,47906.76322848134,TCP,8080
2024-01-01 07:26:00,192.168.1.141,10.0.0.23,43309.27261340083,UDP,5432
2024-01-01 07:27:00,192.168.1.83,10.0.0.106,60399.04687396077,UDP,443
2024-01-01 07:28:00,192.168.1.177,10.0.0.84,43943.84460263136,TCP,5432
2024-01-01 07:29:00,192.168.1.198,10.0.0.143,8467.938378413146,UDP,80
2024-01-01 07:30:00,192.168.1.112,10.0.0.242,56779.25871339269,UDP,8080
2024-01-01 07:31:00,192.168.1.56,10.0.0.116,45120.885918542976,ICMP,443
2024-01-01 07:32:00,192.168.1.204,10.0.0.109,71573.08213265504,TCP,8080
2024-01-01 07:33:00,192.168.1.179,10.0.0.221,43942.850769966615,TCP,8080
2024-01-01 07:34:00,192.168.1.165,10.0.0.136,57420.95372009307,TCP,3306
2024-01-01 07:35:00,192.168.1.145,10.0.0.41,52992.92580406492,TCP,80
2024-01-01 07:36:00,192.168.1.186,10.0.0.112,257756.35022702857,TCP,8080
2024-01-01 07:37:00,192.168.1.215,10.0.0.147,65615.11196726853,UDP,5432
2024-01-01 07:38:00,192.168.1.218,10.0.0.112,50320.04149065767,ICMP,5432
2024-01-01 07:39:00,192.168.1.157,10.0.0.103,42465.82129653817,TCP,3306
2024-01-01 07:40:00,192.168.1.161,10.0.0.46,54599.72142939117,ICMP,80
2024-01-01 07:41:00,192.168.1.60,10.0.0.156,43222.84630247894,ICMP,80
2024-01-01 07:42:00,192.168.1.219,10.0.0.238,70133.87247526622,UDP,5432
2024-01-01 07:43:00,192.168.1.217,10.0.0.249,13364.76369625436,TCP,443
2024-01-01 07:44:00,192.168.1.120,10.0.0.219,46346.78448687891,UDP,3306
2024-01-01 07:45:00,192.168.1.183,10.0.0.68,184319.82556872364,TCP,3306
2024-01-01 07:46:00,192.168.1.138,10.0.0.122,36528.73710470303,UDP,5432
2024-01-01 07:47:00,192.168.1.175,10.0.0.15,40283.85961489348,ICMP,5432
2024-01-01 07:48:00,192.168.1.23,10.0.0.227,62004.139079444256,TCP,443
2024-01-01 07:49:00,192.168.1.213,10.0.0.165,121933.05089464784,ICMP,443
2024-01-01 07:50:00,192.168.1.149,10.0.0.129,39530.8901731806,ICMP,80
2024-01-01 07:51:00,192.168.1.235,10.0.0.195,55366.52752527286,UDP,3306
2024-01-01 07:52:00,192.168.1.13,10.0.0.111,61857.04154662997,TCP,3306
2024-01-01 07:53:00,192.168.1.101,10.0.0.24,57189.53310665067,ICMP,5432
2024-01-01 07:54:00,192.168.1.161,10.0.0.27,59960.476858058166,UDP,80
2024-01-01 07:55:00,192.168.1.24,10.0.0.40,42432.049114305395,TCP,3306
2024-01-01 07:56:00,192.168.1.108,10.0.0.191,35781.89333258156,TCP,80
2024-01-01 07:57:00,192.168.1.11,10.0.0.189,65013.33651955487,ICMP,80
2024-01-01 07:58:00,192.168.1.17,10.0.0.164,46773.20161157864,TCP,5432
2024-01-01 07:59:00,192.168.1.196,10.0.0.226,47491.66983544952,ICMP,80
2024-01-01 08:00:00,192.168.1.175,10.0.0.221,63281.941418490576,TCP,443
2024-01-01 08:01:00,192.168.1.25,10.0.0.24,55562.3000940066,UDP,443
2024-01-01 08:02:00,192.168.1.94,10.0.0.24,54558.877720816075,ICMP,8080
2024-01-01 08:03:00,192.168.1.201,10.0.0.234,71650.02344901084,ICMP,5432
2024-01-01 08:04:00,192.168.1.21,10.0.0.4,43564.81769619857,TCP,8080
2024-01-01 08:05:00,192.168.1.84,10.0.0.67,59278.40128081237,TCP,443
2024-01-01 08:06:00,192.168.1.211,10.0.0.34,50570.13124897084,ICMP,8080
2024-01-01 08:07:00,192.168.1.211,10.0.0.185,52685.922788632575,TCP,5432
2024-01-01 08:08:00,192.168.1.140,10.0.0.177,65284.68426412532,UDP,5432
2024-01-01 08:09:00,192.168.1.37,10.0.0.215,55078.357562896235,TCP,80
2024-01-01 08:10:00,192.168.1.42,10.0.0.181,55382.96079049633,UDP,3306
2024-01-01 08:11:00,192.168.1.145,10.0.0.248,60725.07337309802,UDP,80
2024-01-01 08:12:00,192.168.1.101,10.0.0.116,46350.47270457115,UDP,5432
2024-01-01 08:13:00,192.168.1.246,10.0.0.23,41607.903326609936,UDP,443
2024-01-01 08:14:00,192.168.1.48,10.0.0.109,39551.90805978966,UDP,443
2024-01-01 08:15:00,192.168.1.103,10.0.0.69,30336.434106239984,TCP,80
2024-01-01 08:16:00,192.168.1.28,10.0.0.95,70562.07129940322,UDP,5432
2024-01-01 08:17:00,192.168.1.41,10.0.0.254,38967.916342783166,TCP,443
2024-01-01 08:18:00,192.168.1.99,10.0.0.181,47787.46376414228,UDP,5432
2024-01-01 08:19:00,192.168.1.47,10.0.0.62,47231.86700111079,ICMP,443
