time,cpu_usage,memory_usage,disk_usage,network
2024-01-01 00:00:00,16.975168769097227,53.571392910739185,66.55651540726825,423.6948870443529
2024-01-01 00:01:00,57.85024854392906,60.24617056292358,73.69681329162775,645.1622244393238
2024-01-01 00:02:00,50.157718340917725,56.666038248886515,68.7777039975745,314.6505242626081
2024-01-01 00:03:00,54.86475795763446,68.11497021478291,53.28625639737638,520.0425326988994
2024-01-01 00:04:00,54.13439843204996,64.4031812142795,70.3752456539346,592.8744476577506
2024-01-01 00:05:00,100.0,67.78065093817335,77.29205558885641,601.2661128700114
2024-01-01 00:06:00,44.75014137469952,52.47996493143232,77.71033803460482,583.362959304042
2024-01-01 00:07:00,100.0,70.79303200425268,72.01358238292771,534.0461256979594
2024-01-01 00:08:00,23.660653663140064,55.18299698982377,77.66217305023159,512.772037373938
2024-01-01 00:09:00,23.935652152644103,45.93752895418487,73.48351941384743,590.7975255619587
2024-01-01 00:10:00,5.4421786492375075,58.18109609631751,71.78060738261897,534.0613663631448
2024-01-01 00:11:00,33.47852962759114,61.13365527547152,64.48805655002424,537.2832405835356
2024-01-01 00:12:00,61.23209864784117,47.5025868213344,67.22231480099106,503.4376479661232
2024-01-01 00:13:00,18.454358467345827,68.73595653097502,67.94910652080631,461.4895968637399
2024-01-01 00:14:00,50.921127542578965,51.88839879857411,72.28382774395321,365.00611171847
2024-01-01 00:15:00,47.936559425094195,51.4604216963002,76.42522558799638,382.2582532568682
2024-01-01 00:16:00,43.44953136065904,59.99959153693043,65.08458290949214,461.67967651621615
2024-01-01 00:17:00,57.73870813621926,68.57303790656113,58.86591349290996,487.9497069493739
2024-01-01 00:18:00,39.380288456234126,47.84176697603321,81.51808673591626,403.2310599205389
2024-01-01 00:19:00,62.82286848640123,69.40628270892454,62.25103294991949,395.7597730653916
2024-01-01 00:20:00,37.00763182815411,38.406334705997104,73.92076002035157,463.53917281022456
2024-01-01 00:21:00,100.0,63.30667964839066,72.02546829430989,590.2058246792704
2024-01-01 00:22:00,37.875969449146936,48.70305831180886,67.24531739329916,287.9877803708424
2024-01-01 00:23:00,26.143032528692245,52.01449380945038,74.85966240336445,406.16707959632504
2024-01-01 00:24:00,19.801217455449247,77.37887516290644,60.3389616460505,516.1595318731725
2024-01-01 00:25:00,48.628628289174856,50.11837368890632,83.04583732380567,628.6691849783615
2024-01-01 00:26:00,60.209301343029715,59.43756398247788,91.07902240681268,716.0831028315157
2024-01-01 00:27:00,43.662316921418125,49.33288892529107,79.84732102603655,465.7817642052123
2024-01-01 00:28:00,47.709276386372736,67.69188816009586,63.519272531915334,464.322893646209
2024-01-01 00:29:00,100.0,64.08942766900954,51.394497918511945,486.2303791302706
2024-01-01 00:30:00,45.7788672528037,65.49801862770668,73.81891099193062,522.711049552423
2024-01-01 00:31:00,8.806215004280665,71.30869358547766,59.65302051799952,495.5099870556622
2024-01-01 00:32:00,22.066292050480712,56.62190227851281,66.69472619084095,511.6555286283725
2024-01-01 00:33:00,60.01289221657878,70.74507569803036,82.1825756466054,366.36430767293103
2024-01-01 00:34:00,40.20475061905095,74.89906081950059,82.98945586290147,333.8008298541667
2024-01-01 00:35:00,41.58753996514601,62.84445338331214,83.8533256637958,571.5310200056393
2024-01-01 00:36:00,48.30701902769821,48.937163755964264,70.78731620449209,480.721849952492
2024-01-01 00:37:00,51.97195316793976,47.95042236182628,77.17279794550053,583.3510273284581
2024-01-01 00:38:00,35.937587956946345,64.42273630700198,54.068458204578015,522.3775977143481
2024-01-01 00:39:00,44.39376072732756,48.93075167032699,58.006763760804546,356.69547788971965
2024-01-01 00:40:00,38.95731791975653,46.56603210376313,67.69443514898389,655.3223062876087
2024-01-01 00:41:00,43.74278538384335,68.83742011778365,76.7303743943758,503.1357508460848
2024-01-01 00:42:00,34.68240267962526,55.41202350303174,66.58870175972302,425.27523079918456
2024-01-01 00:43:00,46.195710325269395,84.19400156476864,76.42126710486681,446.579918289765
2024-01-01 00:44:00,34.22526193066167,53.425343066199154,60.77156134824923,378.8652424885805
2024-01-01 00:45:00,13.2317235824546,55.02641346078331,70.81625133402655,533.2709199923286
2024-01-01 00:46:00,51.73298231855931,63.59211700149468,74.39905896313293,488.88149314488936
2024-01-01 00:47:00,42.41678333156419,62.04565055426535,76.05923631730757,701.8619052818852
2024-01-01 00:48:00,45.27812728596018,59.15814728978396,66.38751468513682,551.9937955169555
2024-01-01 00:49:00,15.62914869322606,58.92036967517186,70.22929983059808,695.803741279417
2024-01-01 00:50:00,46.724800160132865,92.42832071768257,57.67407185638728,403.8741457570453
2024-01-01 00:51:00,23.373366768591787,76.60770857414003,69.1593236459082,466.9192295022773
2024-01-01 00:52:00,39.632183238899295,68.43523769147323,78.65343359993565,589.0113400456404
2024-01-01 00:53:00,24.05195020828555,47.74579801784385,67.89687410412844,558.890947059568
2024-01-01 00:54:00,53.993881711739256,59.26089278135509,64.01653983990522,498.4371642649463
2024-01-01 00:55:00,67.4441187566842,66.60544289053607,76.2514195898034,392.3521253628676
2024-01-01 00:56:00,37.78637253404208,67.48219115180254,88.28166897328725,282.1724887625961
2024-01-01 00:57:00,37.64665636961233,72.77607382712714,87.38616342016223,478.0068296198562
2024-01-01 00:58:00,55.461244985452346,53.58847167642007,72.09138089520617,482.2772538628747
2024-01-01 00:59:00,48.57830550082203,59.614640719393826,76.16402478159091,512.8047798600592
2024-01-01 01:00:00,38.93075889778821,52.449851143885446,83.10903647352706,355.43862340963733
2024-01-01 01:01:00,45.52314828662024,73.34746858334444,71.93037358664344,412.07142011353534
2024-01-01 01:02:00,70.44720197075004,66.98827085336207,73.69051823558624,539.1856053791103
2024-01-01 01:03:00,29.92194393212349,54.92657546301232,67.41625986154465,558.503995543812
2024-01-01 01:04:00,31.2117101074312,62.24877896399234,88.94379833513455,520.0959950334336
2024-01-01 01:05:00,51.919874162787835,60.503094022449915,75.75002930312397,465.34451261768487
2024-01-01 01:06:00,71.68651576793272,51.20067991649688,67.86183538242916,381.2935599378947
2024-01-01 01:07:00,42.65823930832609,69.30166228881599,65.39732944917543,595.3891493765846
2024-01-01 01:08:00,14.356581625463685,100.0,55.14232791775303,572.697483083831
2024-01-01 01:09:00,45.85573096146004,54.70679878992403,57.35583323048206,442.58569288134584
2024-01-01 01:10:00,32.125771852344506,51.028905979611594,64.19080386167859,583.3217978038841
2024-01-01 01:11:00,47.14242819858888,68.54596360973393,77.42661829567382,493.092187838245
2024-01-01 01:12:00,19.61012243212701,62.68141366097218,72.60890583151831,431.7677432086832
2024-01-01 01:13:00,17.863153255959723,53.05346435895317,59.96157600767255,592.6726631461639
2024-01-01 01:14:00,100.0,55.02164670821952,62.58785922813105,510.0167259885509
2024-01-01 01:15:00,64.78374836922438,60.055200615768946,72.25282429934366,457.189385172673
2024-01-01 01:16:00,19.425743664351863,60.63810387886469,83.38780679359672,371.7688478120832
2024-01-01 01:17:00,35.194817292568636,61.9205442027804,61.18432076841757,381.0285524115724
2024-01-01 01:18:00,18.042941301315903,42.30809877866784,73.6714944540949,584.7007736161814
2024-01-01 01:19:00,44.34808294910696,100.0,66.43654448405499,545.2913591126371
2024-01-01 01:20:00,43.32256532815634,47.808492590578595,66.66865192876409,383.03568038660177
2024-01-01 01:21:00,18.641312928548487,74.1900419625116,60.61257248579157,381.1384918004542
2024-01-01 01:22:00,59.31595399689945,70.4292632643693,75.01196612034468,710.2534046543602
2024-01-01 01:23:00,11.166905747476578,71.5673041525591,66.1096807693578,546.4625205678051
2024-01-01 01:24:00,13.989517497576012,35.41106411166283,67.1877645768715,620.9542319611262
2024-01-01 01:25:00,60.61703310146655,100.0,77.87462626181612,649.2254853175415
2024-01-01 01:26:00,44.586953776764936,59.219925381472976,78.29203614050807,407.1829447580954
2024-01-01 01:27:00,53.44166976380629,65.7499647897637,64.16145161377604,674.2758933994926
2024-01-01 01:28:00,37.32835402537274,69.00874561170765,72.37551636161204,392.2181634849128
2024-01-01 01:29:00,16.89443468601447,72.84625640402396,77.25013243652218,572.9200446328875
2024-01-01 01:30:00,43.54728303247041,36.83494835214088,68.53238516897308,488.4019791509351
2024-01-01 01:31:00,16.436238387281676,51.986995184539765,75.36323890698846,572.3491673939398
2024-01-01 01:32:00,39.83679859740522,60.577988381878235,67.45149756720092,478.92921522608407
2024-01-01 01:33:00,21.44736116314773,68.29499048453344,67.23068856813,554.9022634538428
2024-01-01 01:34:00,54.631205978933195,100.0,62.542545966610405,636.1900800649628
2024-01-01 01:35:00,45.70253248923991,64.749024925043,83.69595531850207,611.9651675301858
2024-01-01 01:36:00,50.17457881081988,53.62939158201333,66.12512219242208,493.8095532564651
2024-01-01 01:37:00,45.10438614817154,54.90199310047443,63.59041836202671,404.6428816462048
2024-01-01 01:38:00,8.709456606494083,53.7055119634453,61.636969735369675,470.2447055538404
2024-01-01 01:39:00,8.709456606494083,50.18946469735303,70.67612717877567,544.4170508804194
2024-01-01 01:40:00,83.38408162987562,50.04941859037932,61.86439613397551,565.2001268807762
2024-01-01 01:41:00,26.49924487586457,49.09306755298599,64.29959971838471,607.0019764783848
2024-01-01 01:42:00,31.861220390146062,63.35950137039454,76.39165474442046,426.8943108981387
2024-01-01 01:43:00,3.6503342337165767,61.2433048408795,73.58973128827878,406.76573679480254
2024-01-01 01:44:00,34.114179377878,100.0,59.23746895172439,398.0218998780558
2024-01-01 01:45:00,39.466766238149255,42.88517344758779,75.79859201065513,480.2940050649813
2024-01-01 01:46:00,46.51468100353922,56.30666740657636,70.26230536335993,521.4219309143274
2024-01-01 01:47:00,32.03586421633392,74.80055522987229,79.09728988846675,536.9957385186204
2024-01-01 01:48:00,51.0460168028327,60.06043260958504,81.34391586214319,358.5622874384112
2024-01-01 01:49:00,49.99514476362319,68.00076763825923,57.13060753524381,404.66360830720055
2024-01-01 01:50:00,32.89641835091186,61.800459492357746,76.11704289055776,429.7445058194882
2024-01-01 01:51:00,25.62351842122931,59.41865305175418,83.07849539326739,675.7603492044728
2024-01-01 01:52:00,40.988617288157904,45.26948111739823,71.67719199328816,461.8903857268494
2024-01-01 01:53:00,41.489832760573584,55.933149996432746,75.50573641909874,352.32655638118786
2024-01-01 01:54:00,30.883918722138485,54.65211899440574,71.79975873556448,538.1486990159844
2024-01-01 01:55:00,36.11187187052854,74.81218610248877,77.83539795142872,489.1379334048429
2024-01-01 01:56:00,48.76281541174698,61.83220655303273,73.06792051436199,382.5090798811368
2024-01-01 01:57:00,50.17825830894166,72.77535787825389,53.8210210637593,452.63521359783385
2024-01-01 01:58:00,50.42099282339113,71.27446427485629,69.03038346100057,465.86187638530913
2024-01-01 01:59:00,40.73480805279914,51.54085959661888,68.51350229564348,487.6868980199928
2024-01-01 02:00:00,51.48253016317046,60.01159563769696,75.71027443713416,592.9970993727916
2024-01-01 02:01:00,41.96734771417981,76.84878597182714,79.41477074211954,556.052485020212
2024-01-01 02:02:00,64.24399105283655,65.63179226873632,68.17863881599284,512.5032871629495
2024-01-01 02:03:00,20.55387543864442,65.02718963161703,60.200990507689106,598.610870708125
2024-01-01 02:04:00,43.02685647377785,69.13581081609364,72.44972543825081,459.0193445398077
2024-01-01 02:05:00,53.550231229859854,64.80381118021205,63.79241453780162,427.48693325625993
2024-01-01 02:06:00,62.38150038744007,65.4635512921166,65.15151172057072,530.8738947369527
2024-01-01 02:07:00,51.88862639120195,63.02110471174887,89.0567350338862,523.1540260688256
2024-01-01 02:08:00,24.43029391393615,56.60242897161728,64.57819596603726,352.40926678873495
2024-01-01 02:09:00,15.174268973582151,49.419090757797846,57.481001657107846,649.3234362828489
2024-01-01 02:10:00,37.45184411472732,41.43048722726498,74.82858478566797,398.12521993858223
2024-01-01 02:11:00,45.42577465004095,56.70624903510784,75.65640129539746,552.9471988089396
2024-01-01 02:12:00,54.17102580017442,64.36604378573489,77.02869994583496,555.2761677354413
2024-01-01 02:13:00,23.56795067416965,62.385710922889416,76.7188116730088,191.3400570426796
2024-01-01 02:14:00,100.0,66.3591141767101,71.16485094281668,522.7218902427234
2024-01-01 02:15:00,0.0,58.73956332135277,71.24888425372136,663.7414519365711
2024-01-01 02:16:00,28.907593704667207,87.2200009345846,77.51647890338255,428.9871779164706
2024-01-01 02:17:00,52.90416136938006,80.27257210568915,82.86875611045471,310.2127844061847
2024-01-01 02:18:00,100.0,44.824047926728866,59.914188159205096,488.2814768744595
2024-01-01 02:19:00,23.44625334242188,66.56508800765309,65.13366363223024,546.6051248870547
2024-01-01 02:20:00,32.11865465270799,69.68775425476468,75.02345930713557,491.27663578395624
2024-01-01 02:21:00,42.65488316383346,38.77481799413869,72.03909119202483,404.9669709990956
2024-01-01 02:22:00,23.271176113740527,61.66884190905118,55.67545644508606,396.9713597413989
2024-01-01 02:23:00,39.51574454044818,65.16915154602462,65.4138593234548,337.7834430791887
2024-01-01 02:24:00,33.51732235756506,59.94378306399357,72.42147348632685,312.504760112582
2024-01-01 02:25:00,57.36897999402579,63.85973774961851,70.10076356744221,465.69464722003534
2024-01-01 02:26:00,32.74328864245671,60.79063467536914,67.12846443754971,542.4031368133041
2024-01-01 02:27:00,40.425092273303235,67.02579459480675,88.75254440785164,515.9160795083443
2024-01-01 02:28:00,42.495056752605166,100.0,69.80086912832907,525.0890916588367
2024-01-01 02:29:00,33.70394062964084,67.70581704047125,71.84839198882219,563.1828117769711
2024-01-01 02:30:00,51.5455197149371,71.7531243009065,71.06371916834114,630.8225980192277
2024-01-01 02:31:00,54.66420365923787,49.42580875371619,71.69333383157989,502.7641178841593
2024-01-01 02:32:00,32.66551660212899,100.0,70.30181167855635,534.4741592375736
2024-01-01 02:33:00,44.39680458541354,100.0,53.34107367956731,535.1398635567293
2024-01-01 02:34:00,26.087065887209977,56.09433941506705,62.07836133875438,514.7309404979806
2024-01-01 02:35:00,48.45702549251829,64.15380535695023,67.48114147008108,501.9233929501399
2024-01-01 02:36:00,43.49234593195117,100.0,76.50175728930631,510.0313521363428
2024-01-01 02:37:00,34.54089034978916,61.38072665892792,67.60582559855335,656.1521305446578
2024-01-01 02:38:00,100.0,63.01123510048427,63.34899017434831,643.24564876143
2024-01-01 02:39:00,48.89283497655517,53.13765998595615,77.5545838569773,329.28822758478134
2024-01-01 02:40:00,58.45581719653046,61.55783782656542,80.80874605026156,521.8617506881
2024-01-01 02:41:00,45.96223263843526,52.9905084066352,57.73818300986776,500.6995946522723
2024-01-01 02:42:00,53.326155485256145,52.92611642937413,70.77541482370907,626.0172324539926
2024-01-01 02:43:00,68.5728304339267,49.89053137979688,48.638651492305954,496.4212887358556
2024-01-01 02:44:00,24.49051390042524,56.26294239246379,67.50863934795406,525.1490716977802
2024-01-01 02:45:00,57.56983694836778,54.493073314996984,85.0754738337706,435.00789088030746
2024-01-01 02:46:00,26.81277093595373,64.7387790613899,70.73557122687795,581.3437411869429
2024-01-01 02:47:00,7.150441817175547,70.96304912091287,58.95137437825243,375.6082980181282
2024-01-01 02:48:00,39.82300491135018,100.0,59.14837946145575,469.4650578428793
2024-01-01 02:49:00,30.309537507657932,69.72498024238385,62.53891185071527,394.5774713997082
2024-01-01 02:50:00,27.8015194056988,25.713971761126107,64.62658987737605,469.90885091953663
2024-01-01 02:51:00,9.38229822553713,50.733041415892735,54.85775777846859,445.104422084868
2024-01-01 02:52:00,35.00126526518383,56.65934076955042,72.63409134257643,583.69074694647
2024-01-01 02:53:00,30.02045916355813,77.79408499218533,74.35096527182405,478.1084648819768
2024-01-01 02:54:00,25.71075925877303,54.553612559292645,67.19833685688461,649.1818733380285
2024-01-01 02:55:00,61.377239387131745,78.53881616338778,86.36576516127194,475.9079714867241
2024-01-01 02:56:00,21.99699558253661,55.827926712225626,66.56420751870172,391.7237485946858
2024-01-01 02:57:00,100.0,39.52445570979205,79.62238762314394,475.7294984287955
2024-01-01 02:58:00,56.76884022515074,57.52719501050802,58.898384410471245,547.682023217889
2024-01-01 02:59:00,52.14320949363346,68.46569279605077,72.39956293800144,668.654999744599
2024-01-01 03:00:00,43.50572420942069,76.63451723768736,73.60040510005325,435.516365245155
2024-01-01 03:01:00,30.645370898329386,45.22091355179973,64.31523925692886,665.8699157230903
2024-01-01 03:02:00,39.718689006613694,68.28266978608514,71.33777814458638,481.00815558003654
2024-01-01 03:03:00,23.13894451529575,68.93147825086974,64.23388761049355,455.47954931229987
2024-01-01 03:04:00,35.72298076998342,73.01402390307692,67.5046779549392,577.5661124366796
2024-01-01 03:05:00,35.49598283759045,33.28801715916426,67.73673576922204,642.3357794804874
2024-01-01 03:06:00,36.94445375991395,76.56829620680631,58.75661781877125,555.7124147294984
2024-01-01 03:07:00,98.31953701177387,64.40902002308263,74.1831171075806,358.5093241909832
2024-01-01 03:08:00,14.561783563834148,64.58647130917616,74.7358651961934,533.303568426198
2024-01-01 03:09:00,58.77779882173664,70.38998638306572,67.01315442223341,717.4663988114138
2024-01-01 03:10:00,55.44654396031328,39.95155312958539,71.93628832355643,272.2269218607987
2024-01-01 03:11:00,53.11981457776849,70.14998777884021,62.64188040926375,537.3418904794526
2024-01-01 03:12:00,45.67628887732403,83.74917316853826,59.98143363494594,471.5435189632386
2024-01-01 03:13:00,42.55543851381377,46.31349814283356,66.80051780562422,406.41611273416
2024-01-01 03:14:00,29.594719162048907,59.35606217848873,75.52816376258566,603.3386155138722
2024-01-01 03:15:00,31.197605446895626,60.374604768702795,69.39656931110727,326.22064750928996
2024-01-01 03:16:00,100.0,63.564529140469915,66.49206649666047,464.97914523770544
2024-01-01 03:17:00,65.24361017146624,64.26039531975057,72.68524039677968,600.1127553106606
2024-01-01 03:18:00,37.22869898533848,53.285081195874966,62.67307590611534,588.680358111649
2024-01-01 03:19:00,40.05646263000008,60.39950481928375,60.18992197457122,559.6458872997418
2024-01-01 03:20:00,100.0,77.44031505653213,67.1782221737636,517.2777752519352
2024-01-01 03:21:00,41.40199843060368,20.7623522063957,63.199593234535904,487.600422334779
2024-01-01 03:22:00,42.53551832297397,63.682490074836025,60.483613386829134,452.9798821418757
2024-01-01 03:23:00,39.10301106957691,52.85452324451302,77.23156037333587,402.8681296153899
2024-01-01 03:24:00,25.93246143172809,73.39140853338016,87.62405170217363,581.3259566870962
2024-01-01 03:25:00,34.404814292774894,57.830781833900815,57.56310101479956,521.0961446276991
2024-01-01 03:26:00,37.99500633366971,39.498632480192754,66.67285000508707,584.2926099476776
2024-01-01 03:27:00,2.1984897802144987,64.2020114988463,71.3956911100158,421.87177057707737
2024-01-01 03:28:00,41.31269890913734,100.0,56.23515894468219,419.6926913042683
2024-01-01 03:29:00,74.83848819142041,17.604576569263685,68.21792478225514,549.6619704915693
2024-01-01 03:30:00,33.55946382867366,37.67847187138841,68.7991463238025,272.25246512325805
2024-01-01 03:31:00,40.49689277068583,48.837965509204366,73.83968720687719,247.11762314179197
2024-01-01 03:32:00,27.392710428232096,58.84877325441449,63.81814867228975,601.3147054026344
2024-01-01 03:33:00,23.591510648697895,56.09575639849379,65.4838682427993,429.2812112982277
2024-01-01 03:34:00,35.34862425272147,64.4167137682251,77.77176641777409,519.3038074674988
2024-01-01 03:35:00,49.446898218801614,65.91676498357343,73.35538897739687,537.9648692781354
2024-01-01 03:36:00,36.49369869981808,55.64177772054769,75.8237891092657,603.5130863583862
2024-01-01 03:37:00,34.38884112404374,46.01017878038347,55.96737158456607,456.0034645864418
2024-01-01 03:38:00,100.0,100.0,64.65337361545392,461.4693178219665
2024-01-01 03:39:00,43.001456776361096,65.60578740828241,82.13011761792362,438.4595498785107
2024-01-01 03:40:00,44.189107613567955,66.71399525034104,69.32847719843785,562.1101387742209
2024-01-01 03:41:00,57.85441661689111,63.84145335416796,68.99419833160796,566.5494475420898
2024-01-01 03:42:00,100.0,70.97418756056202,69.34197468742333,627.823692307191
2024-01-01 03:43:00,62.43610041290408,56.189040917373504,82.55995480591965,375.3498426896946
2024-01-01 03:44:00,21.807525835615618,68.28326724753859,64.03030252277318,723.3762475097625
2024-01-01 03:45:00,52.858831489652935,66.68501152797491,75.37169987298242,468.7553573353985
2024-01-01 03:46:00,64.68734399827628,66.35418567941183,72.11150447510032,495.16426916747935
2024-01-01 03:47:00,15.510159901794571,48.053737109795904,59.07032495519148,516.3427411235517
2024-01-01 03:48:00,39.69858404981595,61.391234045823595,67.61109216420556,408.92122168402307
2024-01-01 03:49:00,31.850989852609736,63.870546646301605,63.329671495577784,458.8380666471425
2024-01-01 03:50:00,39.634971006082296,77.78986834811056,59.81402168886437,646.0601467749461
2024-01-01 03:51:00,57.20467423711497,60.99849543389556,79.5713055144837,647.6190278539646
2024-01-01 03:52:00,66.94273232022282,100.0,60.24037852466548,520.51100687768
2024-01-01 03:53:00,43.67481572758766,45.13531439961757,75.99443380856839,604.378705124353
2024-01-01 03:54:00,31.53076816756006,52.83481208532075,63.10708214896423,541.0845826105417
2024-01-01 03:55:00,57.66462427277827,64.39098200445024,80.8593087342176,494.2849421332931
2024-01-01 03:56:00,46.31401633186431,64.30389362229212,66.64149687112426,424.62409562538926
2024-01-01 03:57:00,96.8747893876159,52.83278395337576,72.68526059902278,413.8544842326729
2024-01-01 03:58:00,29.228245463598604,69.55752330910207,65.46975387855534,424.2311014403472
2024-01-01 03:59:00,79.86882839777698,58.32479986670047,52.66380929507842,661.4857169868195
2024-01-01 04:00:00,44.19832840515482,58.091943936574566,56.659671466494,587.3237567357614
2024-01-01 04:01:00,18.700682919834136,59.215788328880386,54.815511563351414,644.0978970923944
2024-01-01 04:02:00,27.838868646275586,73.38625770532687,72.03059573707215,539.9679212355595
2024-01-01 04:03:00,46.18922934623782,70.889533071434,69.7707010890383,411.95036179409186
2024-01-01 04:04:00,29.04960587729642,78.83137963786422,74.75743813714926,560.3321275850394
2024-01-01 04:05:00,30.894878504329625,65.50476937840756,64.56649562296944,626.9741321545591
2024-01-01 04:06:00,54.78888725631681,79.3090898718707,52.62962160905331,563.9751454108455
2024-01-01 04:07:00,53.46114453462163,7.8173268939608525,80.41535542758413,368.32094410817274
2024-01-01 04:08:00,31.431894033472407,58.73570628670512,77.9196884376176,352.57571901694945
2024-01-01 04:09:00,57.56282796224228,55.618650852725374,72.99126388371717,563.6395166671675
2024-01-01 04:10:00,29.340767208786552,58.23794308020167,78.88699683898466,468.74802001583566
2024-01-01 04:11:00,65.40311728353328,58.72824983131503,69.18727071957912,531.2388941451665
2024-01-01 04:12:00,48.06318703834855,53.1433183333864,72.12141562627025,427.6505790275073
2024-01-01 04:13:00,44.35272576863018,54.093602653280115,64.37092504756164,512.6739621652954
2024-01-01 04:14:00,34.227949990745216,66.07546723635933,61.43441373772619,389.971623339733
2024-01-01 04:15:00,30.870224437391,55.11891788861847,57.386549825179785,524.7122399105514
2024-01-01 04:16:00,5.102524471359988,42.996175053637295,63.97791114097592,572.8344225330853
2024-01-01 04:17:00,35.58781447605846,42.48753376184272,91.29577031732806,578.3744808554261
2024-01-01 04:18:00,39.842567558529815,39.02626566509424,57.837813033459824,369.3313674419352
2024-01-01 04:19:00,12.60847719674923,45.82505755242595,62.498715358011744,546.8952002116022
2024-01-01 04:20:00,9.53887438691267,48.0006514769011,70.90449623234908,441.241239562243
2024-01-01 04:21:00,37.59442770430956,50.259776643952925,89.17964567779305,652.6991395257587
2024-01-01 04:22:00,58.220681383909344,100.0,61.60249398183373,595.6089126523964
2024-01-01 04:23:00,74.36342556454515,47.280026158168,64.97096052788469,502.5856046873096
2024-01-01 04:24:00,58.54631172709379,50.80576037944317,75.37203954004892,718.2027162680672
2024-01-01 04:25:00,33.26453645711614,41.68180392070454,74.91952145368049,427.2304924195878
2024-01-01 04:26:00,39.245722470137615,53.395971004523666,64.4438276976146,494.3012769884695
2024-01-01 04:27:00,43.234228624031395,67.23888917149434,63.32814810992,554.1326553334885
2024-01-01 04:28:00,100.0,59.76627945853783,73.58320427237989,703.4487048286592
2024-01-01 04:29:00,44.56535144477187,100.0,67.56948161678324,646.361039349854
2024-01-01 04:30:00,11.131773388508796,59.98046001132554,72.29993888183053,580.1740173504896
2024-01-01 04:31:00,37.90918380575116,47.15180581901601,68.64525759166642,412.2572386150759
2024-01-01 04:32:00,38.79367152455763,55.912441756611834,72.81064459542081,412.1111663226062
2024-01-01 04:33:00,10.202786995348552,62.209753682871735,73.63852239509183,569.5386031673659
2024-01-01 04:34:00,49.63705564169899,69.6955689193438,54.41779913180272,374.7528503017666
2024-01-01 04:35:00,26.3296989779526,63.63604665491562,66.29585758332833,532.0365439832448
2024-01-01 04:36:00,54.13493835468973,68.80609469279796,72.66958038267714,580.4227699538253
2024-01-01 04:37:00,41.289274909420925,49.13763499815887,76.48462952256722,352.22886806826745
2024-01-01 04:38:00,31.38577184349587,44.96660006333848,67.34415704160568,564.7858928187403
2024-01-01 04:39:00,19.30991097102226,42.47579218050599,55.24359942982878,589.5882280537286
2024-01-01 04:40:00,100.0,68.17066536731643,79.99292660331477,463.6718888570766
2024-01-01 04:41:00,40.57760101419544,45.603018354147906,76.84521184676059,484.3336865015453
2024-01-01 04:42:00,60.623291367158494,100.0,70.84372550592356,321.2364636728229
2024-01-01 04:43:00,37.35810094844376,100.0,66.28389787468953,489.03436019834334
2024-01-01 04:44:00,54.43482786298128,76.68759600941928,74.80251033262167,347.43711154243107
2024-01-01 04:45:00,34.48784196697521,55.51381146528148,66.36038837922021,431.0045004208223
2024-01-01 04:46:00,67.38837668744279,56.06203143838509,77.00807960313311,459.7753133734026
2024-01-01 04:47:00,56.159609344375426,60.66969840069096,84.37404513067261,384.4152412394987
2024-01-01 04:48:00,47.05517112488248,55.85382055422849,66.09896145588583,375.30133039230657
2024-01-01 04:49:00,1.9919319969279223,64.18067016381,76.24353278506841,380.2120821602973
2024-01-01 04:50:00,46.73224962100788,49.55280053842111,64.75883220145965,622.0712145217149
2024-01-01 04:51:00,21.476005515605895,61.86334367620064,78.2188502364075,492.99525790390055
2024-01-01 04:52:00,45.29879511321519,52.49154868768412,68.02779382396635,626.6337856898888
2024-01-01 04:53:00,59.162487829582965,57.94457289860773,81.58263465736786,459.5143910078519
2024-01-01 04:54:00,50.3349545052092,46.24833510395903,67.77866527490578,461.6611837078355
2024-01-01 04:55:00,52.88068608722971,68.72296053370586,62.81827040401406,457.6450251447513
2024-01-01 04:56:00,34.404648257347425,56.441638756597385,67.32521547373172,201.8068087156525
2024-01-01 04:57:00,17.130989331695385,69.160750980969,68.21550849203092,550.6549435001873
2024-01-01 04:58:00,9.346449924201577,52.63040743188301,71.8907736238053,489.3072405090239
2024-01-01 04:59:00,7.010790649732114,59.909396648109094,67.36903184039437,505.1404048589789
2024-01-01 05:00:00,80.0,69.25939155504072,71.96389246255077,290.89195754131254
2024-01-01 05:01:00,59.03691945218816,48.24513265118105,72.10497121712966,497.13696175390766
2024-01-01 05:02:00,50.95866804163226,100.0,66.58049614692911,456.1448216846637
2024-01-01 05:03:00,73.29587832438234,100.0,72.62723327712337,512.562231065504
2024-01-01 05:04:00,7.301467442191821,100.0,65.31006990184247,492.4071581102082
2024-01-01 05:05:00,57.459517352228566,60.16210471663786,85.99851253611376,451.46056089060806
2024-01-01 05:06:00,53.130341160187,50.304304420624725,72.39298711469073,556.3113527179323
2024-01-01 05:07:00,38.251567672011426,56.820690409003575,74.89859899359112,602.4696404106231
2024-01-01 05:08:00,25.585509425183844,79.69684842387447,68.43724956536299,459.22031117969993
2024-01-01 05:09:00,30.767812443917386,46.66444990381773,64.23523031040456,355.164407177927
2024-01-01 05:10:00,30.04665694348882,24.548999227835576,76.6880031324489,361.7461560766498
2024-01-01 05:11:00,65.66001612281167,61.255213750934374,72.63909059295834,542.2825138726303
2024-01-01 05:12:00,52.423756874936196,48.43615810382742,49.09385168663985,629.5813175863249
2024-01-01 05:13:00,52.98484423548293,56.86219295762104,85.40518940699243,318.640147053599
2024-01-01 05:14:00,41.31510473950959,41.95435863201625,75.90260098762603,398.2137058486754
2024-01-01 05:15:00,36.568059722231176,62.88220478421718,66.95149927333418,466.74979904814825
2024-01-01 05:16:00,45.0600369828292,64.33019125100539,74.84505940083761,295.97705009146046
2024-01-01 05:17:00,16.020073476603883,46.33832714692013,73.37315126572835,490.3337178235209
2024-01-01 05:18:00,38.55955455103501,65.56630158783135,73.96227053101099,536.3120798335034
2024-01-01 05:19:00,45.50033313482463,53.348656732135275,63.03575307327485,547.979832399697
2024-01-01 05:20:00,24.01174988256371,52.44296884834772,70.56924487104376,460.0214487740959
2024-01-01 05:21:00,44.00514288520627,50.24651963103017,72.41658315817922,464.35339973996184
2024-01-01 05:22:00,38.338000716698325,66.61625806636211,79.85527612451554,397.8732472688637
2024-01-01 05:23:00,29.2807561164626,43.26159562631162,70.82084785902163,322.8727784280597
2024-01-01 05:24:00,49.6094090122634,44.10650774433722,73.44954703518383,481.2491427469511
2024-01-01 05:25:00,66.92774033711443,54.07840033428892,62.71781022009564,540.834463074402
2024-01-01 05:26:00,59.17104567487588,54.42417787112467,70.53825594446661,501.6018498812943
2024-01-01 05:27:00,100.0,66.26613756631882,76.93657266517393,610.902989453011
2024-01-01 05:28:00,49.965962205858496,59.08860757375387,64.52654618372284,534.538718089078
2024-01-01 05:29:00,52.65080219784176,59.10573441914908,66.8952571977507,565.9504829355889
2024-01-01 05:30:00,41.78757644402667,43.80187993533727,62.288666675152825,516.7703366974941
2024-01-01 05:31:00,39.6400779496884,57.69634089221776,59.156668434468195,685.9159720124119
2024-01-01 05:32:00,100.0,35.921363805548616,63.11402141438805,451.0175200334154
2024-01-01 05:33:00,77.68868251097707,62.37457671936766,74.49857703710116,567.8771156653448
2024-01-01 05:34:00,43.859759370498466,66.77291731893058,68.03112323785858,524.7803348014321
2024-01-01 05:35:00,20.98868661632715,52.204697197875426,63.14056387712162,573.8017750817398
2024-01-01 05:36:00,24.30560408471149,63.75338147088877,87.43273474282357,533.3508046755974
2024-01-01 05:37:00,37.43212623412099,55.60954321696866,64.385790827943,495.760783375603
2024-01-01 05:38:00,100.0,72.3211526195226,74.99659601333097,537.822427866653
2024-01-01 05:39:00,38.01223414028344,62.28013729206069,72.66377973665303,550.3352748482256
2024-01-01 05:40:00,73.37815996580363,49.613602894069466,71.9854364369655,563.3625277923143
2024-01-01 05:41:00,100.0,71.70972395051474,55.35298245502247,646.3286430843914
2024-01-01 05:42:00,23.69074974708473,68.2701723437944,80.16121649398158,519.3685846734841
2024-01-01 05:43:00,36.886324328054805,55.87856465197153,72.55583906625003,390.26254181069993
2024-01-01 05:44:00,100.0,64.95512357216424,77.35171862774096,516.4590820459078
2024-01-01 05:45:00,25.16758896689879,64.7952750866877,79.1094274333696,455.5080986380008
2024-01-01 05:46:00,21.42452153309319,55.74394866038142,83.70936180675781,452.76826239764983
2024-01-01 05:47:00,60.34376570047876,60.656473751524466,62.01318958709153,467.858003139712
2024-01-01 05:48:00,47.511460529472494,100.0,64.24985308663138,409.72708985194225
2024-01-01 05:49:00,32.75889809686963,53.24366069567961,65.34381975968756,260.0592255605221
2024-01-01 05:50:00,22.668929938235305,73.46544463277104,63.06971032756555,647.5202838403712
2024-01-01 05:51:00,32.23837510867715,40.22786568927408,80.57342827439919,451.1473718971306
2024-01-01 05:52:00,100.0,66.76941013127569,61.97441228077538,328.55349354142163
2024-01-01 05:53:00,100.0,47.81635456245659,66.96597475255406,517.880707398563
2024-01-01 05:54:00,71.00362010658169,57.56468132907798,56.94802435322298,561.5640716846235
2024-01-01 05:55:00,100.0,44.017945138272665,75.85628822666627,482.1935749882096
2024-01-01 05:56:00,30.72975770397064,46.80975465150665,68.9789006416608,371.1388205634869
2024-01-01 05:57:00,50.1930339279063,59.12918994831685,77.06648727616864,358.4385956407992
2024-01-01 05:58:00,26.049351563867365,60.727394850400785,75.60801014175189,728.1610969383692
2024-01-01 05:59:00,4.213769801306665,70.59800032813648,56.8684667005637,358.9630422758302
2024-01-01 06:00:00,12.187428311812702,56.00924844334842,71.47940229319283,337.09991121408933
2024-01-01 06:01:00,59.111035725490765,66.16405457577679,61.2742673237189,469.1237922288943
2024-01-01 06:02:00,36.97405903057933,59.897386759438774,71.12902680957404,582.1848121413151
2024-01-01 06:03:00,27.718532628318663,11.87868313360445,65.31136474862093,665.8497340198389
2024-01-01 06:04:00,49.74236134033446,49.0805879370141,84.66886926742333,478.6701567053167
2024-01-01 06:05:00,24.28417524494996,60.88807801863609,91.3074190198132,477.28957636665285
2024-01-01 06:06:00,93.7627872368345,63.732190152476925,68.04175242620309,371.6034016568893
2024-01-01 06:07:00,34.314280283885566,55.03369813289208,70.79166875331055,608.8251482925047
2024-01-01 06:08:00,22.037232038287236,63.80936725556172,51.71937710053798,493.0278639861698
2024-01-01 06:09:00,30.198269892247584,64.7595154273593,56.8456697105306,496.2950469194289
2024-01-01 06:10:00,37.027636320368046,54.82169808795614,73.08961039953326,543.3438995770409
2024-01-01 06:11:00,38.38187926885771,67.75427331756855,69.741073299105,530.183599049436
2024-01-01 06:12:00,20.130482282869036,36.97068024221344,73.37031217438881,485.9718533615046
2024-01-01 06:13:00,36.33505233981266,40.84632124002808,63.615786879644176,632.0979583469937
2024-01-01 06:14:00,48.71000980516359,49.657808193855864,72.42131182366688,339.63128544226856
2024-01-01 06:15:00,51.21154510809661,62.81349893098934,49.76400297620421,521.1293852875136
2024-01-01 06:16:00,32.537098275606574,52.45029267431197,65.12625128280739,540.7169281435307
2024-01-01 06:17:00,37.167410701061144,46.62250398295607,73.73248774597852,458.7606761118972
2024-01-01 06:18:00,36.28270299224874,6.024808866257583,83.57254092867227,561.6449697472372
2024-01-01 06:19:00,19.12456579552878,61.003709727249486,69.06418994679143,566.3088697981206
2024-01-01 06:20:00,31.89762140481693,53.63432978777975,74.71862292747693,610.9814365230167
2024-01-01 06:21:00,51.94342445665141,48.155263070653234,64.64507209896236,488.84403228680696
2024-01-01 06:22:00,52.18172188274168,100.0,73.54869153811954,478.28512006462586
2024-01-01 06:23:00,46.17838115826225,67.9493892897564,66.04870823090496,553.9194481642504
2024-01-01 06:24:00,0.0209151105061187,47.85751709743389,85.63760839366239,480.2516766337384
2024-01-01 06:25:00,28.277309748046008,75.8095966988182,67.36905473307031,347.8656047536138
2024-01-01 06:26:00,47.0139165102142,54.33374572419746,68.64121099659317,586.2423372218443
2024-01-01 06:27:00,65.68588927522654,53.63305793146372,76.19323806164677,316.57148190961186
2024-01-01 06:28:00,39.78159874571235,61.34282791650994,74.01956395602839,540.167692890346
2024-01-01 06:29:00,41.43809360290793,61.03291973859789,67.07652706296723,753.8493459061732
2024-01-01 06:30:00,38.30272398533452,37.66053502589887,73.27860266348861,553.3214753644094
2024-01-01 06:31:00,20.402111623457287,58.91832011813646,61.56177460990542,430.58939186996713
2024-01-01 06:32:00,100.0,65.77998743734467,71.81058030085461,454.8635826744878
2024-01-01 06:33:00,17.179785290633657,70.27924280827645,74.39420020510613,537.0623766125476
2024-01-01 06:34:00,38.72137816237481,58.8423716427402,66.61861483129391,497.8628239734046
2024-01-01 06:35:00,6.46561941179238,9.066533416882429,67.04063281107068,575.6252529321291
2024-01-01 06:36:00,40.73947413489111,67.24681093358464,64.96390407449991,645.0083650724526
2024-01-01 06:37:00,90.41395419007404,77.91770291066106,58.51296874005219,631.4412089961004
2024-01-01 06:38:00,29.364600207357903,60.93540720993498,73.32167780803412,384.41852944147746
2024-01-01 06:39:00,50.3310400965188,58.17590616537881,66.19842039866802,501.5998770129693
2024-01-01 06:40:00,100.0,100.0,74.45150575488083,549.2801636922484
2024-01-01 06:41:00,29.462890629243823,48.7021046209272,68.54063895387898,651.6943205167904
2024-01-01 06:42:00,23.933004042496993,60.62648649477872,74.91836565609474,535.9174468659492
2024-01-01 06:43:00,52.042153750341974,84.07651825856834,56.29134939800806,431.62997132132045
2024-01-01 06:44:00,40.51544486907506,64.53378686981785,60.83168541840675,543.5042734934468
2024-01-01 06:45:00,23.038624657839808,67.66782848996567,63.26477283504773,681.9285400934305
2024-01-01 06:46:00,100.0,56.71301239393721,79.57643294945072,474.7598527980999
2024-01-01 06:47:00,27.908384898664593,100.0,73.224919110537,429.8663747389612
2024-01-01 06:48:00,44.52069512369755,72.15861120944658,67.89190896833303,496.75284296824657
2024-01-01 06:49:00,58.804281583506885,44.85823744681542,66.17924413487788,434.9124635299795
2024-01-01 06:50:00,83.45993899356175,59.03714418464748,74.76881469447684,582.6988409511132
2024-01-01 06:51:00,42.35761288666122,63.497471877757675,65.28687905150423,435.64072978844666
2024-01-01 06:52:00,42.084767628117326,59.43640236232219,75.88480731994835,629.253296569279
2024-01-01 06:53:00,7.83215462484482,55.128659506319394,68.28518630951835,549.5286293889361
2024-01-01 06:54:00,52.48924625172212,73.95183708781373,80.34419302919446,569.6997763962453
2024-01-01 06:55:00,71.48421358463767,62.03629149269721,62.44295409696397,568.9337656734468
2024-01-01 06:56:00,100.0,52.98874905582978,68.97620496325679,585.186963357483
2024-01-01 06:57:00,60.39430008974738,69.84230217511045,62.64848723068926,469.0627111247805
2024-01-01 06:58:00,21.18158443129244,73.8975051289459,83.02561735433632,402.1933658489264
2024-01-01 06:59:00,29.218536565690467,13.099424419743348,70.16686315052259,452.3841247094733
2024-01-01 07:00:00,41.06864851609372,55.843812789132016,61.941220582680465,592.6353772343012
2024-01-01 07:01:00,27.194799101675528,100.0,62.783150597240656,323.35189558475383
2024-01-01 07:02:00,40.571468590685505,49.5991151294478,74.11239935398801,300.0399419053147
2024-01-01 07:03:00,55.05062057884387,62.539914223693074,55.45194944261075,522.4566275007245
2024-01-01 07:04:00,26.75402836363351,70.98558212785352,68.5742368879973,584.4242010105958
2024-01-01 07:05:00,55.71279089818706,65.64181006861278,63.18056760205957,597.9990662797834
2024-01-01 07:06:00,11.150594183308382,77.52069799570934,68.7228435177193,404.92033373057353
2024-01-01 07:07:00,31.468522217996252,40.59630404238147,70.80996879059181,382.04380726874746
2024-01-01 07:08:00,37.04601734083968,61.401792724342656,69.21241387171946,431.3879375225328
2024-01-01 07:09:00,26.095630515098165,68.31658423665196,67.87078881548044,460.7201314103205
2024-01-01 07:10:00,31.67779822604192,53.911026809162536,71.32466068082283,466.46991588765536
2024-01-01 07:11:00,60.942172436004306,48.684803509013626,83.99923177833327,512.1178025612446
2024-01-01 07:12:00,58.598978572484434,47.92827354168162,80.1910882145675,640.5625120595146
2024-01-01 07:13:00,50.80051392251755,61.04401030851955,67.2982646206562,493.9274094561166
2024-01-01 07:14:00,55.61818549950283,47.67866073342007,75.80012962703343,593.7649826197102
2024-01-01 07:15:00,30.694443695970868,74.73040132334303,75.40809304613735,565.4660676096498
2024-01-01 07:16:00,21.6573936185448,65.14937459399204,66.96744235533149,428.975281533344
2024-01-01 07:17:00,27.88598728041207,57.99260039090125,69.74585259517377,564.3094638855233
2024-01-01 07:18:00,10.886857655275469,59.195026662977064,74.30012873293275,557.4390365157285
2024-01-01 07:19:00,30.85727549608878,13.837294530460785,64.15727012660287,499.94498424998545
2024-01-01 07:20:00,47.92208187440033,73.40899527860473,68.07522848975955,517.3832178418035
2024-01-01 07:21:00,44.84766819274308,50.66082197444622,68.41855605819778,494.2189680364607
2024-01-01 07:22:00,37.365071020154105,52.66839127330782,67.84256030620384,390.7971766663628
2024-01-01 07:23:00,38.28883534884477,56.426676776434356,67.52772779436324,736.5675711271373
2024-01-01 07:24:00,56.42383422703601,53.753951011672456,73.5374689712215,605.550191223255
2024-01-01 07:25:00,20.622655613493414,41.952419037668534,70.2119180102286,552.7209165928422
2024-01-01 07:26:00,51.8450960052356,51.85121453764571,75.11469283394739,459.4751354715596
2024-01-01 07:27:00,8.330586996923133,52.961875608041574,90.16102088016376,490.820600539702
2024-01-01 07:28:00,31.511565059716112,47.99846189290464,65.71977907017447,382.8465674779771
2024-01-01 07:29:00,62.65880162211336,12.152177444393493,71.74150643347934,546.993888005286
2024-01-01 07:30:00,44.512628384742094,58.741784928623545,74.06864827440629,533.6184059166093
2024-01-01 07:31:00,33.00037442283154,100.0,78.73549185096114,479.3443077441254
2024-01-01 07:32:00,53.729805351600355,50.15222414150983,73.47564072305151,502.99154251312933
2024-01-01 07:33:00,48.92656115130028,66.3390203544645,61.257193848996906,470.1477084193819
2024-01-01 07:34:00,48.3192225317942,61.44719797997787,64.70065725992383,450.58660915443585
2024-01-01 07:35:00,36.979612418518535,54.51535372762305,71.17164762934361,422.3612628106583
2024-01-01 07:36:00,54.39917574583962,76.04284648123698,64.47312982530056,397.9182532689686
2024-01-01 07:37:00,30.34147531791101,61.12706311737891,58.188569108255734,429.80962084758664
2024-01-01 07:38:00,29.632238939716817,54.734525930280356,63.548922850074305,437.4871277206838
2024-01-01 07:39:00,68.11419480457377,62.8103530634666,63.59229639827161,608.9199427043227
2024-01-01 07:40:00,32.50125468245772,50.53514542400965,61.92503585456538,438.1358017970472
2024-01-01 07:41:00,9.522331054279602,100.0,90.21401648642215,296.5886572720171
2024-01-01 07:42:00,55.937428953202755,80.29088068290315,72.52236344731352,529.1692017390097
2024-01-01 07:43:00,60.41953286786482,42.30405967034202,70.9245511214212,562.3608617533388
2024-01-01 07:44:00,36.46374545427624,54.71775994012229,77.35604713635513,596.8765602147831
2024-01-01 07:45:00,100.0,58.524081196976795,84.38631366105346,516.6164182887344
2024-01-01 07:46:00,39.17173135490694,16.021600957865214,73.09336908230422,385.9891139809707
2024-01-01 07:47:00,71.0845168214013,100.0,78.14041390532498,420.1070374652472
2024-01-01 07:48:00,43.03838675439851,76.93241741660354,65.98384406449235,560.0164138459947
2024-01-01 07:49:00,51.540370623214656,54.45152770423322,62.74953489996263,645.9039780095617
2024-01-01 07:50:00,52.40218060460372,63.968388079158814,77.27346499355183,385.7106665556943
2024-01-01 07:51:00,54.569402191040645,100.0,77.12023189565139,521.1917793715405
2024-01-01 07:52:00,67.93794927812907,63.991860595063514,76.36963517828144,444.5059565290527
2024-01-01 07:53:00,56.20181505708708,69.35677629912657,71.00467824611867,417.59299120550287
2024-01-01 07:54:00,38.78924496731085,59.25625653515694,63.76367698634486,503.499680600869
2024-01-01 07:55:00,23.26188647426161,54.281851481043425,66.15553831750408,486.63527983977616
2024-01-01 07:56:00,100.0,58.76480964798956,79.24057339128444,297.53654458702135
2024-01-01 07:57:00,37.09821914123461,65.35077891285826,65.27309761175928,520.1592294780725
2024-01-01 07:58:00,50.751795610966674,68.66463020217313,71.49002140289411,532.8095708375196
2024-01-01 07:59:00,27.05694535681083,62.57026851838596,63.83283886004211,574.7321737217027
2024-01-01 08:00:00,35.49081795137037,59.20507577630411,68.47055990146922,442.72945493479017
2024-01-01 08:01:00,40.16739536098133,72.78815044279554,61.35565785281836,341.2167485966136
2024-01-01 08:02:00,25.911883819445816,53.73398289866096,69.403186543921,457.8690430267073
2024-01-01 08:03:00,40.597906026150355,55.8774712471681,66.17969849091104,570.592616277292
2024-01-01 08:04:00,51.8028370372405,77.93694642280653,56.347611471704056,492.4134180015196
2024-01-01 08:05:00,68.65207605846255,59.03251826424924,75.2386333699139,584.9307386182434
2024-01-01 08:06:00,28.97035280222372,66.59045315135529,74.874518338598,369.9096773703392
2024-01-01 08:07:00,100.0,17.024595937802985,70.44904725290516,581.2097309732382
2024-01-01 08:08:00,10.329752934348566,70.00988796090134,61.0066926370212,524.904529661065
2024-01-01 08:09:00,39.88690687320014,48.49379752606192,61.117296570907975,464.50982202834064
2024-01-01 08:10:00,41.05974112090841,47.75069362347692,88.64459434823863,607.0353038342964
2024-01-01 08:11:00,52.21284211677979,68.92475838225279,49.02334108783903,524.0024174885542
2024-01-01 08:12:00,32.204798384511996,56.38580698737926,61.27498401990555,401.57932603373433
2024-01-01 08:13:00,43.67136703840145,57.576212266137155,87.19671806435618,598.187403575368
2024-01-01 08:14:00,56.62625673191372,64.305982470169,89.70096911081806,475.8285879194104
2024-01-01 08:15:00,23.091575512523143,57.09925345268502,83.59309697200746,503.6946450139261
2024-01-01 08:16:00,10.622179942268572,49.52282620977762,74.25478637864892,413.6706432002329
2024-01-01 08:17:00,56.192769130725374,54.32086189512173,64.90867256356832,494.8322342298003
2024-01-01 08:18:00,25.037329391853465,50.2519994844939,56.53886468795761,405.39381837396
2024-01-01 08:19:00,46.85426389392287,71.61350929804875,73.24919961674343,482.7806204687363
