time,url,response_time,status_code,method,visitor_count
2024-01-01 00:00:00,/page_8,218.89778214313876,200,GET,218.89778214313876
2024-01-01 00:01:00,/page_10,181.6256085719618,200,POST,181.6256085719618
2024-01-01 00:02:00,/page_17,221.2185129420976,200,PUT,221.2185129420976
2024-01-01 00:03:00,/page_8,55.09762472450457,200,PUT,55.09762472450457
2024-01-01 00:04:00,/page_1,106.22621186011774,200,DELETE,106.22621186011774
2024-01-01 00:05:00,/page_7,235.70672997108068,200,POST,235.70672997108068
2024-01-01 00:06:00,/page_9,182.5113347641748,200,GET,182.5113347641748
2024-01-01 00:07:00,/page_12,151.16540809805687,404,GET,151.16540809805687
2024-01-01 00:08:00,/page_9,157.4886848665378,200,GET,157.4886848665378
2024-01-01 00:09:00,/page_3,275.7560910382699,200,POST,275.7560910382699
2024-01-01 00:10:00,/page_4,223.2056395461048,503,GET,223.2056395461048
2024-01-01 00:11:00,/page_10,123.88464087681574,200,GET,123.88464087681574
2024-01-01 00:12:00,/page_4,666.0645940693538,200,GET,666.0645940693538
2024-01-01 00:13:00,/page_9,185.40601970914904,301,POST,185.40601970914904
2024-01-01 00:14:00,/page_1,223.8204679171016,200,POST,223.8204679171016
2024-01-01 00:15:00,/page_5,160.27143108135752,400,GET,160.27143108135752
2024-01-01 00:16:00,/page_9,191.35266625773363,200,GET,191.35266625773363
2024-01-01 00:17:00,/page_5,205.7275594115088,200,GET,205.7275594115088
2024-01-01 00:18:00,/page_6,206.76342045513377,500,GET,206.76342045513377
2024-01-01 00:19:00,/page_19,80.24318905003717,200,GET,80.24318905003717
2024-01-01 00:20:00,/page_8,211.08206859015323,201,GET,211.08206859015323
2024-01-01 00:21:00,/page_10,113.35701785298257,200,DELETE,113.35701785298257
2024-01-01 00:22:00,/page_11,185.68007592495215,200,GET,185.68007592495215
2024-01-01 00:23:00,/page_13,174.92924765457508,400,GET,174.92924765457508
2024-01-01 00:24:00,/page_4,146.0633550399907,200,POST,146.0633550399907
2024-01-01 00:25:00,/page_11,242.1583602000608,200,GET,242.1583602000608
2024-01-01 00:26:00,/page_12,143.80120700516224,200,GET,143.80120700516224
2024-01-01 00:27:00,/page_5,173.85315553062676,200,GET,173.85315553062676
2024-01-01 00:28:00,/page_10,243.93670865015957,301,PUT,243.93670865015957
2024-01-01 00:29:00,/page_7,172.424979700517,400,GET,172.424979700517
2024-01-01 00:30:00,/page_9,959.4519362291488,200,GET,959.4519362291488
2024-01-01 00:31:00,/page_9,186.5922277973685,200,DELETE,186.5922277973685
2024-01-01 00:32:00,/page_10,227.02512602855492,200,POST,227.02512602855492
2024-01-01 00:33:00,/page_10,272.3153802397103,200,GET,272.3153802397103
2024-01-01 00:34:00,/page_2,153.19392010310878,201,POST,153.19392010310878
2024-01-01 00:35:00,/page_4,157.24590172669545,200,PUT,157.24590172669545
2024-01-01 00:36:00,/page_8,186.1832297536733,200,DELETE,186.1832297536733
2024-01-01 00:37:00,/page_14,211.50703256335876,500,DELETE,211.50703256335876
2024-01-01 00:38:00,/page_17,161.48766680013208,200,GET,161.48766680013208
2024-01-01 00:39:00,/page_13,234.42816839430773,200,GET,234.42816839430773
2024-01-01 00:40:00,/page_18,154.13611242737187,200,GET,154.13611242737187
2024-01-01 00:41:00,/page_18,104.95727052520186,201,GET,104.95727052520186
2024-01-01 00:42:00,/page_13,226.58876405828383,200,PUT,226.58876405828383
2024-01-01 00:43:00,/page_8,232.37947365731227,200,POST,232.37947365731227
2024-01-01 00:44:00,/page_12,252.232531781638,503,GET,252.232531781638
2024-01-01 00:45:00,/page_1,100.4050101421438,201,GET,100.4050101421438
2024-01-01 00:46:00,/page_18,166.71924742385727,400,GET,166.71924742385727
2024-01-01 00:47:00,/page_3,187.4470915900629,200,GET,187.4470915900629
2024-01-01 00:48:00,/page_12,287.8479086708942,200,POST,287.8479086708942
2024-01-01 00:49:00,/page_19,192.03993025104705,200,GET,192.03993025104705
2024-01-01 00:50:00,/page_13,132.674165598727,200,GET,132.674165598727
2024-01-01 00:51:00,/page_10,214.8370232377396,200,GET,214.8370232377396
2024-01-01 00:52:00,/page_15,265.4728112898057,200,GET,265.4728112898057
2024-01-01 00:53:00,/page_2,254.83194714804176,200,DELETE,254.83194714804176
2024-01-01 00:54:00,/page_19,228.08990821638992,200,GET,228.08990821638992
2024-01-01 00:55:00,/page_3,213.13161835540828,301,PUT,213.13161835540828
2024-01-01 00:56:00,/page_14,11.150617547306558,200,GET,11.150617547306558
2024-01-01 00:57:00,/page_7,201.2833227526856,200,GET,201.2833227526856
2024-01-01 00:58:00,/page_8,208.9070131265868,200,GET,208.9070131265868
2024-01-01 00:59:00,/page_11,192.00451628744537,200,POST,192.00451628744537
2024-01-01 01:00:00,/page_6,235.35499437446825,200,GET,235.35499437446825
2024-01-01 01:01:00,/page_11,191.20010986136523,200,GET,191.20010986136523
2024-01-01 01:02:00,/page_17,181.57183974986,404,GET,181.57183974986
2024-01-01 01:03:00,/page_10,251.94988608261272,400,GET,251.94988608261272
2024-01-01 01:04:00,/page_17,179.32056431121583,200,GET,179.32056431121583
2024-01-01 01:05:00,/page_2,203.23270360695616,404,GET,203.23270360695616
2024-01-01 01:06:00,/page_6,1045.601138384295,200,GET,1045.601138384295
2024-01-01 01:07:00,/page_5,149.4665624373389,400,GET,149.4665624373389
2024-01-01 01:08:00,/page_4,144.04068339193154,200,GET,144.04068339193154
2024-01-01 01:09:00,/page_2,267.89700778254263,200,GET,267.89700778254263
2024-01-01 01:10:00,/page_12,170.36439981567958,201,DELETE,170.36439981567958
2024-01-01 01:11:00,/page_3,234.62162158430505,200,GET,234.62162158430505
2024-01-01 01:12:00,/page_6,111.23394840798632,200,PUT,111.23394840798632
2024-01-01 01:13:00,/page_14,74.84742034456657,500,GET,74.84742034456657
2024-01-01 01:14:00,/page_8,218.211502917263,201,POST,218.211502917263
2024-01-01 01:15:00,/page_14,193.62396741052623,200,GET,193.62396741052623
2024-01-01 01:16:00,/page_3,218.68157208320235,200,GET,218.68157208320235
2024-01-01 01:17:00,/page_16,293.73544013049195,400,POST,293.73544013049195
2024-01-01 01:18:00,/page_15,138.13290900438074,503,POST,138.13290900438074
2024-01-01 01:19:00,/page_7,201.90939471232147,200,POST,201.90939471232147
2024-01-01 01:20:00,/page_15,273.87330427912934,400,POST,273.87330427912934
2024-01-01 01:21:00,/page_13,145.35049432516703,404,GET,145.35049432516703
2024-01-01 01:22:00,/page_6,170.76364821135834,200,GET,170.76364821135834
2024-01-01 01:23:00,/page_15,111.63573979992005,400,GET,111.63573979992005
2024-01-01 01:24:00,/page_17,311.8924629584291,200,POST,311.8924629584291
2024-01-01 01:25:00,/page_4,89.77297469160959,200,GET,89.77297469160959
2024-01-01 01:26:00,/page_14,239.9292851321721,200,PUT,239.9292851321721
2024-01-01 01:27:00,/page_15,47.06221973519268,200,GET,47.06221973519268
2024-01-01 01:28:00,/page_12,147.4553883800652,201,GET,147.4553883800652
2024-01-01 01:29:00,/page_19,253.1976968611609,200,GET,253.1976968611609
2024-01-01 01:30:00,/page_10,162.87447838527785,404,GET,162.87447838527785
2024-01-01 01:31:00,/page_6,232.58937856135347,400,POST,232.58937856135347
2024-01-01 01:32:00,/page_9,269.0015791922496,301,GET,269.0015791922496
2024-01-01 01:33:00,/page_2,210.0348492826181,200,PUT,210.0348492826181
2024-01-01 01:34:00,/page_4,244.46429246070815,200,POST,244.46429246070815
2024-01-01 01:35:00,/page_9,204.03365978013417,200,GET,204.03365978013417
2024-01-01 01:36:00,/page_15,206.3503042639273,404,POST,206.3503042639273
2024-01-01 01:37:00,/page_13,168.25354520808864,200,GET,168.25354520808864
2024-01-01 01:38:00,/page_8,42.006969856523625,503,GET,42.006969856523625
2024-01-01 01:39:00,/page_19,42.006969856523625,400,GET,42.006969856523625
2024-01-01 01:40:00,/page_19,820.767928088123,201,GET,820.767928088123
2024-01-01 01:41:00,/page_16,238.51473790398015,200,GET,238.51473790398015
2024-01-01 01:42:00,/page_11,166.13548324418284,200,POST,166.13548324418284
2024-01-01 01:43:00,/page_10,246.54859429262245,201,GET,246.54859429262245
2024-01-01 01:44:00,/page_8,277.7940390745956,200,GET,277.7940390745956
2024-01-01 01:45:00,/page_1,130.96511891497818,400,GET,130.96511891497818
2024-01-01 01:46:00,/page_10,227.07814007691763,200,GET,227.07814007691763
2024-01-01 01:47:00,/page_18,203.13950349168957,301,POST,203.13950349168957
2024-01-01 01:48:00,/page_3,174.04075318122526,301,POST,174.04075318122526
2024-01-01 01:49:00,/page_11,145.33720047774025,200,GET,145.33720047774025
2024-01-01 01:50:00,/page_18,252.5959831493989,200,POST,252.5959831493989
2024-01-01 01:51:00,/page_3,210.39948314624775,400,GET,210.39948314624775
2024-01-01 01:52:00,/page_8,189.64349982488963,200,GET,189.64349982488963
2024-01-01 01:53:00,/page_14,227.11910567499112,200,GET,227.11910567499112
2024-01-01 01:54:00,/page_6,193.6259606240441,200,GET,193.6259606240441
2024-01-01 01:55:00,/page_15,164.79641391264605,200,POST,164.79641391264605
2024-01-01 01:56:00,/page_14,206.44760239727745,200,GET,206.44760239727745
2024-01-01 01:57:00,/page_7,198.5997018209074,400,GET,198.5997018209074
2024-01-01 01:58:00,/page_10,111.29060242408175,200,GET,111.29060242408175
2024-01-01 01:59:00,/page_15,168.52167026120287,200,GET,168.52167026120287
2024-01-01 02:00:00,/page_10,35.73252985332708,500,GET,35.73252985332708
2024-01-01 02:01:00,/page_17,117.42988624221503,200,GET,117.42988624221503
2024-01-01 02:02:00,/page_19,223.38496864613097,200,PUT,223.38496864613097
2024-01-01 02:03:00,/page_17,166.5616535085046,301,POST,166.5616535085046
2024-01-01 02:04:00,/page_12,1144.9159899050212,301,GET,1144.9159899050212
2024-01-01 02:05:00,/page_15,108.5701841828029,200,POST,108.5701841828029
2024-01-01 02:06:00,/page_12,185.1123032583387,503,GET,185.1123032583387
2024-01-01 02:07:00,/page_9,169.20368453617792,500,GET,169.20368453617792
2024-01-01 02:08:00,/page_5,121.10176628983136,200,GET,121.10176628983136
2024-01-01 02:09:00,/page_4,200.25435160907384,200,GET,200.25435160907384
2024-01-01 02:10:00,/page_12,125.46677268510338,400,POST,125.46677268510338
2024-01-01 02:11:00,/page_16,211.13579198111427,200,GET,211.13579198111427
2024-01-01 02:12:00,/page_9,236.03793796367268,200,POST,236.03793796367268
2024-01-01 02:13:00,/page_3,1056.0134425400988,301,GET,1056.0134425400988
2024-01-01 02:14:00,/page_3,219.6941747987935,200,GET,219.6941747987935
2024-01-01 02:15:00,/page_18,251.56174525370008,200,POST,251.56174525370008
2024-01-01 02:16:00,/page_17,857.8538946825656,200,GET,857.8538946825656
2024-01-01 02:17:00,/page_10,158.69861785574065,200,GET,158.69861785574065
2024-01-01 02:18:00,/page_2,169.55242474219378,200,GET,169.55242474219378
2024-01-01 02:19:00,/page_11,170.63129426508877,200,GET,170.63129426508877
2024-01-01 02:20:00,/page_3,147.83306492281991,200,PUT,147.83306492281991
2024-01-01 02:21:00,/page_2,239.21056517211784,200,GET,239.21056517211784
2024-01-01 02:22:00,/page_9,226.34514143416865,500,GET,226.34514143416865
2024-01-01 02:23:00,/page_19,116.74983824595812,500,POST,116.74983824595812
2024-01-01 02:24:00,/page_2,158.683776859233,200,GET,158.683776859233
2024-01-01 02:25:00,/page_19,145.40073225592667,201,GET,145.40073225592667
2024-01-01 02:26:00,/page_2,215.8673002876705,301,GET,215.8673002876705
2024-01-01 02:27:00,/page_15,253.8254755561678,400,GET,253.8254755561678
2024-01-01 02:28:00,/page_3,222.4093011670892,200,GET,222.4093011670892
2024-01-01 02:29:00,/page_5,164.94037691766684,200,GET,164.94037691766684
2024-01-01 02:30:00,/page_11,184.05108488307232,301,POST,184.05108488307232
2024-01-01 02:31:00,/page_7,130.35743717158496,200,GET,130.35743717158496
2024-01-01 02:32:00,/page_6,134.19187416090796,200,GET,134.19187416090796
2024-01-01 02:33:00,/page_14,242.30248574623465,200,GET,242.30248574623465
2024-01-01 02:34:00,/page_1,272.2056101565627,503,GET,272.2056101565627
2024-01-01 02:35:00,/page_17,164.26157355952165,200,PUT,164.26157355952165
2024-01-01 02:36:00,/page_17,202.4059410066265,200,GET,202.4059410066265
2024-01-01 02:37:00,/page_14,236.02618800006343,200,GET,236.02618800006343
2024-01-01 02:38:00,/page_10,555.9769398642968,404,GET,555.9769398642968
2024-01-01 02:39:00,/page_8,487.8673284858469,200,GET,487.8673284858469
2024-01-01 02:40:00,/page_8,299.6817742622292,200,GET,299.6817742622292
2024-01-01 02:41:00,/page_14,152.1141751055296,200,GET,152.1141751055296
2024-01-01 02:42:00,/page_7,181.9082845290421,200,GET,181.9082845290421
2024-01-01 02:43:00,/page_6,169.8532819801984,200,GET,169.8532819801984
2024-01-01 02:44:00,/page_4,100.26103210550131,200,GET,100.26103210550131
2024-01-01 02:45:00,/page_1,204.1361269252209,200,GET,204.1361269252209
2024-01-01 02:46:00,/page_15,198.7374187850566,200,GET,198.7374187850566
2024-01-01 02:47:00,/page_15,209.04256072100625,201,PUT,209.04256072100625
2024-01-01 02:48:00,/page_1,195.77122213259915,200,GET,195.77122213259915
2024-01-01 02:49:00,/page_3,177.00695295059043,200,PUT,177.00695295059043
2024-01-01 02:50:00,/page_5,174.13638998239722,200,GET,174.13638998239722
2024-01-01 02:51:00,/page_5,174.99119854200202,200,POST,174.99119854200202
2024-01-01 02:52:00,/page_4,150.56551405765376,200,GET,150.56551405765376
2024-01-01 02:53:00,/page_17,158.3097693806346,200,GET,158.3097693806346
2024-01-01 02:54:00,/page_14,151.40431601348206,400,GET,151.40431601348206
2024-01-01 02:55:00,/page_8,228.67052469476172,200,GET,228.67052469476172
2024-01-01 02:56:00,/page_2,215.30512852290065,200,GET,215.30512852290065
2024-01-01 02:57:00,/page_8,512.3510954008252,200,GET,512.3510954008252
2024-01-01 02:58:00,/page_1,297.113260542996,200,GET,297.113260542996
2024-01-01 02:59:00,/page_4,153.71523450277869,200,GET,153.71523450277869
2024-01-01 03:00:00,/page_19,255.9388407626648,200,GET,255.9388407626648
2024-01-01 03:01:00,/page_5,186.99849127561143,200,GET,186.99849127561143
2024-01-01 03:02:00,/page_5,207.85823424701323,200,GET,207.85823424701323
2024-01-01 03:03:00,/page_19,233.55681157303917,200,GET,233.55681157303917
2024-01-01 03:04:00,/page_12,603.9364922557774,200,GET,603.9364922557774
2024-01-01 03:05:00,/page_1,147.16510809131918,200,GET,147.16510809131918
2024-01-01 03:06:00,/page_7,155.4112084487497,200,GET,155.4112084487497
2024-01-01 03:07:00,/page_17,94.6858091483217,200,GET,94.6858091483217
2024-01-01 03:08:00,/page_2,826.8183788040685,200,PUT,826.8183788040685
2024-01-01 03:09:00,/page_11,229.1369813330059,200,GET,229.1369813330059
2024-01-01 03:10:00,/page_7,279.1825278046192,200,PUT,279.1825278046192
2024-01-01 03:11:00,/page_17,220.74644545343548,200,GET,220.74644545343548
2024-01-01 03:12:00,/page_3,232.76123737131803,200,PUT,232.76123737131803
2024-01-01 03:13:00,/page_6,195.92268220653216,200,POST,195.92268220653216
2024-01-01 03:14:00,/page_11,223.24396104080225,200,GET,223.24396104080225
2024-01-01 03:15:00,/page_18,1087.834394125447,200,GET,1087.834394125447
2024-01-01 03:16:00,/page_18,209.07361084293208,400,GET,209.07361084293208
2024-01-01 03:17:00,/page_10,173.9384221080625,404,GET,173.9384221080625
2024-01-01 03:18:00,/page_5,523.7480326262734,200,DELETE,523.7480326262734
2024-01-01 03:19:00,/page_15,237.5931801616751,400,DELETE,237.5931801616751
2024-01-01 03:20:00,/page_4,175.43682968620843,200,POST,175.43682968620843
2024-01-01 03:21:00,/page_1,244.4533163085576,200,POST,244.4533163085576
2024-01-01 03:22:00,/page_15,295.4298935845349,503,PUT,295.4298935845349
2024-01-01 03:23:00,/page_17,245.0731067415903,400,GET,245.0731067415903
2024-01-01 03:24:00,/page_19,237.35679516043731,503,GET,237.35679516043731
2024-01-01 03:25:00,/page_14,217.3816130528752,200,GET,217.3816130528752
2024-01-01 03:26:00,/page_19,161.156525820891,200,GET,161.156525820891
2024-01-01 03:27:00,/page_18,156.62090169817938,200,GET,156.62090169817938
2024-01-01 03:28:00,/page_2,156.11888049252545,200,GET,156.11888049252545
2024-01-01 03:29:00,/page_6,227.7366034424279,200,GET,227.7366034424279
2024-01-01 03:30:00,/page_13,180.52685563564648,404,GET,180.52685563564648
2024-01-01 03:31:00,/page_17,198.55038040406495,200,POST,198.55038040406495
2024-01-01 03:32:00,/page_6,71.4473399210446,200,GET,71.4473399210446
2024-01-01 03:33:00,/page_5,651.790804901516,200,GET,651.790804901516
2024-01-01 03:34:00,/page_7,174.90381001860032,200,POST,174.90381001860032
2024-01-01 03:35:00,/page_1,216.14414008146187,200,GET,216.14414008146187
2024-01-01 03:36:00,/page_13,185.4573065445332,503,GET,185.4573065445332
2024-01-01 03:37:00,/page_19,190.12744842212024,200,GET,190.12744842212024
2024-01-01 03:38:00,/page_1,148.3672491851638,200,GET,148.3672491851638
2024-01-01 03:39:00,/page_13,190.80442413256333,404,PUT,190.80442413256333
2024-01-01 03:40:00,/page_11,282.60849889339244,503,GET,282.60849889339244
2024-01-01 03:41:00,/page_7,177.68237473995268,400,GET,177.68237473995268
2024-01-01 03:42:00,/page_3,142.64945924779587,404,GET,142.64945924779587
2024-01-01 03:43:00,/page_1,247.90680788057023,200,POST,247.90680788057023
2024-01-01 03:44:00,/page_8,226.16774659208133,500,GET,226.16774659208133
2024-01-01 03:45:00,/page_17,210.63092212588043,200,POST,210.63092212588043
2024-01-01 03:46:00,/page_13,134.06790170837496,301,GET,134.06790170837496
2024-01-01 03:47:00,/page_14,141.1693158400965,200,POST,141.1693158400965
2024-01-01 03:48:00,/page_5,603.0389946555755,200,POST,603.0389946555755
2024-01-01 03:49:00,/page_6,221.5765750575224,200,POST,221.5765750575224
2024-01-01 03:50:00,/page_6,250.99344642508655,200,GET,250.99344642508655
2024-01-01 03:51:00,/page_8,223.26338033860728,200,POST,223.26338033860728
2024-01-01 03:52:00,/page_13,297.4951198858332,200,GET,297.4951198858332
2024-01-01 03:53:00,/page_18,694.3364146486216,400,POST,694.3364146486216
2024-01-01 03:54:00,/page_4,183.81652793325813,200,GET,183.81652793325813
2024-01-01 03:55:00,/page_17,77.02937480103441,200,GET,77.02937480103441
2024-01-01 03:56:00,/page_5,188.52507921283427,404,GET,188.52507921283427
2024-01-01 03:57:00,/page_3,224.9355454924905,200,GET,224.9355454924905
2024-01-01 03:58:00,/page_4,168.0189530530639,200,GET,168.0189530530639
2024-01-01 03:59:00,/page_5,130.26378275287513,200,GET,130.26378275287513
2024-01-01 04:00:00,/page_14,110.5329710504208,200,GET,110.5329710504208
2024-01-01 04:01:00,/page_15,224.02563118826865,503,POST,224.02563118826865
2024-01-01 04:02:00,/page_17,173.70444396952698,500,GET,173.70444396952698
2024-01-01 04:03:00,/page_6,141.5229509774412,201,GET,141.5229509774412
2024-01-01 04:04:00,/page_10,169.04704650003916,200,POST,169.04704650003916
2024-01-01 04:05:00,/page_16,297.6265951297726,200,GET,297.6265951297726
2024-01-01 04:06:00,/page_17,144.45533035819022,200,GET,144.45533035819022
2024-01-01 04:07:00,/page_14,236.35957651749007,200,GET,236.35957651749007
2024-01-01 04:08:00,/page_12,221.0546785724575,200,GET,221.0546785724575
2024-01-01 04:09:00,/page_9,1268.0041392352364,200,GET,1268.0041392352364
2024-01-01 04:10:00,/page_15,193.84535641929304,200,GET,193.84535641929304
2024-01-01 04:11:00,/page_12,121.98278007846552,200,DELETE,121.98278007846552
2024-01-01 04:12:00,/page_14,249.62726523903817,200,GET,249.62726523903817
2024-01-01 04:13:00,/page_18,187.50888424436053,500,GET,187.50888424436053
2024-01-01 04:14:00,/page_6,263.72315649059755,200,POST,263.72315649059755
2024-01-01 04:15:00,/page_4,240.7984446655847,301,GET,240.7984446655847
2024-01-01 04:16:00,/page_12,1100.275201641868,301,GET,1100.275201641868
2024-01-01 04:17:00,/page_13,786.0729335908546,200,POST,786.0729335908546
2024-01-01 04:18:00,/page_19,214.0999022447979,200,GET,214.0999022447979
2024-01-01 04:19:00,/page_13,272.1427534905642,200,PUT,272.1427534905642
2024-01-01 04:20:00,/page_12,179.75772329851458,200,GET,179.75772329851458
2024-01-01 04:21:00,/page_3,227.0355698332835,200,POST,227.0355698332835
2024-01-01 04:22:00,/page_3,174.8864640214068,500,GET,174.8864640214068
2024-01-01 04:23:00,/page_14,223.96199195288148,503,GET,223.96199195288148
2024-01-01 04:24:00,/page_18,218.74027486367183,200,GET,218.74027486367183
2024-01-01 04:25:00,/page_19,96.971672824696,503,DELETE,96.971672824696
2024-01-01 04:26:00,/page_10,169.41360531716063,200,POST,169.41360531716063
2024-01-01 04:27:00,/page_17,635.2997749233144,400,GET,635.2997749233144
2024-01-01 04:28:00,/page_15,87.13035088945102,200,DELETE,87.13035088945102
2024-01-01 04:29:00,/page_19,40.293998051806625,200,GET,40.293998051806625
2024-01-01 04:30:00,/page_9,972.3841719552724,200,GET,972.3841719552724
2024-01-01 04:31:00,/page_4,265.0123241612853,404,GET,265.0123241612853
2024-01-01 04:32:00,/page_15,160.8777643160784,200,POST,160.8777643160784
2024-01-01 04:33:00,/page_19,268.2203086773934,200,POST,268.2203086773934
2024-01-01 04:34:00,/page_16,260.40582565847996,500,GET,260.40582565847996
2024-01-01 04:35:00,/page_8,92.6054651380568,500,PUT,92.6054651380568
2024-01-01 04:36:00,/page_17,205.78959564921615,200,GET,205.78959564921615
2024-01-01 04:37:00,/page_1,211.3214605605984,201,GET,211.3214605605984
2024-01-01 04:38:00,/page_7,29.324644419780316,200,GET,29.324644419780316
2024-01-01 04:39:00,/page_18,214.31924804625385,200,PUT,214.31924804625385
2024-01-01 04:40:00,/page_12,269.68655198040256,200,GET,269.68655198040256
2024-01-01 04:41:00,/page_16,160.96091573014516,200,GET,160.96091573014516
2024-01-01 04:42:00,/page_1,120.0975373300568,200,GET,120.0975373300568
2024-01-01 04:43:00,/page_15,167.6080906188947,200,GET,167.6080906188947
2024-01-01 04:44:00,/page_7,278.84942183401574,200,GET,278.84942183401574
2024-01-01 04:45:00,/page_17,246.29596900032232,201,GET,246.29596900032232
2024-01-01 04:46:00,/page_3,316.1230716820075,201,PUT,316.1230716820075
2024-01-01 04:47:00,/page_11,127.83352772949314,200,GET,127.83352772949314
2024-01-01 04:48:00,/page_6,252.0660989846781,200,GET,252.0660989846781
2024-01-01 04:49:00,/page_6,237.74330998867103,200,POST,237.74330998867103
2024-01-01 04:50:00,/page_15,185.73416314185192,301,GET,185.73416314185192
2024-01-01 04:51:00,/page_7,238.79637958313623,200,PUT,238.79637958313623
2024-01-01 04:52:00,/page_11,206.99824054617423,200,GET,206.99824054617423
2024-01-01 04:53:00,/page_17,223.0153757770751,200,GET,223.0153757770751
2024-01-01 04:54:00,/page_18,234.0274965501791,200,GET,234.0274965501791
2024-01-01 04:55:00,/page_19,249.00546476275292,200,POST,249.00546476275292
2024-01-01 04:56:00,/page_8,204.3405833080202,500,DELETE,204.3405833080202
2024-01-01 04:57:00,/page_8,288.8668027306435,200,GET,288.8668027306435
2024-01-01 04:58:00,/page_11,46.80549931003583,200,GET,46.80549931003583
2024-01-01 04:59:00,/page_3,46.80549931003583,200,GET,46.80549931003583
2024-01-01 05:00:00,/page_14,860.0272326464986,400,GET,860.0272326464986
2024-01-01 05:01:00,/page_9,150.74702376603662,200,GET,150.74702376603662
2024-01-01 05:02:00,/page_1,153.67448673220878,200,GET,153.67448673220878
2024-01-01 05:03:00,/page_1,247.84303908628416,200,GET,247.84303908628416
2024-01-01 05:04:00,/page_12,25.114222949548193,301,GET,25.114222949548193
2024-01-01 05:05:00,/page_11,274.50626803017735,200,POST,274.50626803017735
2024-01-01 05:06:00,/page_1,173.6763144563569,200,GET,173.6763144563569
2024-01-01 05:07:00,/page_12,219.96428491241895,500,GET,219.96428491241895
2024-01-01 05:08:00,/page_17,232.0043762718368,503,GET,232.0043762718368
2024-01-01 05:09:00,/page_15,149.21278384503387,200,GET,149.21278384503387
2024-01-01 05:10:00,/page_2,472.6735022550219,503,POST,472.6735022550219
2024-01-01 05:11:00,/page_18,214.14416000170897,200,GET,214.14416000170897
2024-01-01 05:12:00,/page_16,186.1379184883768,200,GET,186.1379184883768
2024-01-01 05:13:00,/page_4,224.92245039421024,200,GET,224.92245039421024
2024-01-01 05:14:00,/page_8,132.71709603476802,200,POST,132.71709603476802
2024-01-01 05:15:00,/page_2,182.16214160471085,200,GET,182.16214160471085
2024-01-01 05:16:00,/page_14,190.9081179204049,200,GET,190.9081179204049
2024-01-01 05:17:00,/page_15,78.12651317797037,400,GET,78.12651317797037
2024-01-01 05:18:00,/page_9,249.77286354785832,301,GET,249.77286354785832
2024-01-01 05:19:00,/page_2,162.1279077441954,200,GET,162.1279077441954
2024-01-01 05:20:00,/page_17,274.9580670836295,200,GET,274.9580670836295
2024-01-01 05:21:00,/page_10,165.35846410429286,200,POST,165.35846410429286
2024-01-01 05:22:00,/page_9,173.93366320035244,200,POST,173.93366320035244
2024-01-01 05:23:00,/page_2,137.9043940719761,200,GET,137.9043940719761
2024-01-01 05:24:00,/page_19,257.33063655442976,200,GET,257.33063655442976
2024-01-01 05:25:00,/page_17,869.7555290870022,200,GET,869.7555290870022
2024-01-01 05:26:00,/page_11,270.00678555662535,200,GET,270.00678555662535
2024-01-01 05:27:00,/page_17,189.63255032808271,301,GET,189.63255032808271
2024-01-01 05:28:00,/page_10,197.91421266084603,404,GET,197.91421266084603
2024-01-01 05:29:00,/page_18,115.89933841148354,200,GET,115.89933841148354
2024-01-01 05:30:00,/page_6,168.7977811565245,200,GET,168.7977811565245
2024-01-01 05:31:00,/page_16,208.52493273836447,200,GET,208.52493273836447
2024-01-01 05:32:00,/page_18,219.36004187332028,200,GET,219.36004187332028
2024-01-01 05:33:00,/page_18,291.19687366526335,200,GET,291.19687366526335
2024-01-01 05:34:00,/page_1,107.45264218788734,200,PUT,107.45264218788734
2024-01-01 05:35:00,/page_3,211.4727375401939,200,GET,211.4727375401939
2024-01-01 05:36:00,/page_15,181.1881361951347,200,POST,181.1881361951347
2024-01-01 05:37:00,/page_10,203.7751796619141,200,GET,203.7751796619141
2024-01-01 05:38:00,/page_5,205.13581256551137,200,POST,205.13581256551137
2024-01-01 05:39:00,/page_15,190.44077188748827,200,GET,190.44077188748827
2024-01-01 05:40:00,/page_14,143.344604093327,503,PUT,143.344604093327
2024-01-01 05:41:00,/page_15,134.06114047469174,404,GET,134.06114047469174
2024-01-01 05:42:00,/page_10,186.75441076017532,200,GET,186.75441076017532
2024-01-01 05:43:00,/page_9,582.1259201040249,200,GET,582.1259201040249
2024-01-01 05:44:00,/page_12,194.3547860432558,404,GET,194.3547860432558
2024-01-01 05:45:00,/page_7,187.33152789305385,200,GET,187.33152789305385
2024-01-01 05:46:00,/page_5,77.49823491450667,400,GET,77.49823491450667
2024-01-01 05:47:00,/page_10,296.6806538086266,200,GET,296.6806538086266
2024-01-01 05:48:00,/page_8,203.86288330729596,500,GET,203.86288330729596
2024-01-01 05:49:00,/page_16,78.13049299127306,404,GET,78.13049299127306
2024-01-01 05:50:00,/page_12,212.3566466104427,200,GET,212.3566466104427
2024-01-01 05:51:00,/page_9,189.83053403242351,200,GET,189.83053403242351
2024-01-01 05:52:00,/page_10,134.11171551396646,200,PUT,134.11171551396646
2024-01-01 05:53:00,/page_16,215.46514703871296,200,DELETE,215.46514703871296
2024-01-01 05:54:00,/page_10,152.89230724051993,200,POST,152.89230724051993
2024-01-01 05:55:00,/page_9,209.6516314416224,200,POST,209.6516314416224
2024-01-01 05:56:00,/page_3,164.92451633054148,200,GET,164.92451633054148
2024-01-01 05:57:00,/page_19,154.72104412600072,200,DELETE,154.72104412600072
2024-01-01 05:58:00,/page_11,901.1059821791796,404,GET,901.1059821791796
2024-01-01 05:59:00,/page_6,118.8953510914766,200,GET,118.8953510914766
2024-01-01 06:00:00,/page_6,195.87313871949416,200,POST,195.87313871949416
2024-01-01 06:01:00,/page_15,232.8626889006495,200,GET,232.8626889006495
2024-01-01 06:02:00,/page_15,263.5305395367771,200,GET,263.5305395367771
2024-01-01 06:03:00,/page_13,254.42841069970711,200,GET,254.42841069970711
2024-01-01 06:04:00,/page_5,267.6665257927663,503,GET,267.6665257927663
2024-01-01 06:05:00,/page_14,177.2642986885192,200,GET,177.2642986885192
2024-01-01 06:06:00,/page_2,148.76821242475947,200,GET,148.76821242475947
2024-01-01 06:07:00,/page_12,240.76781808017697,200,GET,240.76781808017697
2024-01-01 06:08:00,/page_14,174.1553329505882,200,GET,174.1553329505882
2024-01-01 06:09:00,/page_19,200.3131140130111,400,GET,200.3131140130111
2024-01-01 06:10:00,/page_15,237.34335054176904,200,GET,237.34335054176904
2024-01-01 06:11:00,/page_17,301.0548885193592,200,PUT,301.0548885193592
2024-01-01 06:12:00,/page_14,226.4400255059024,200,GET,226.4400255059024
2024-01-01 06:13:00,/page_18,677.7473407935859,503,POST,677.7473407935859
2024-01-01 06:14:00,/page_5,143.94445580048162,200,GET,143.94445580048162
2024-01-01 06:15:00,/page_12,258.46777117793465,404,GET,258.46777117793465
2024-01-01 06:16:00,/page_10,220.4321430394053,200,GET,220.4321430394053
2024-01-01 06:17:00,/page_8,182.6429014917785,200,GET,182.6429014917785
2024-01-01 06:18:00,/page_6,177.47908229302857,200,GET,177.47908229302857
2024-01-01 06:19:00,/page_15,179.6568689529995,200,GET,179.6568689529995
2024-01-01 06:20:00,/page_12,202.19826013891216,200,GET,202.19826013891216
2024-01-01 06:21:00,/page_6,555.7605105687509,200,GET,555.7605105687509
2024-01-01 06:22:00,/page_12,62.66551637461786,200,GET,62.66551637461786
2024-01-01 06:23:00,/page_15,251.73366986527276,400,DELETE,251.73366986527276
2024-01-01 06:24:00,/page_12,191.6255824229771,200,GET,191.6255824229771
2024-01-01 06:25:00,/page_9,179.76752585649206,200,POST,179.76752585649206
2024-01-01 06:26:00,/page_19,198.84111476075697,200,POST,198.84111476075697
2024-01-01 06:27:00,/page_2,207.32809127932697,200,GET,207.32809127932697
2024-01-01 06:28:00,/page_13,184.9951651957291,200,POST,184.9951651957291
2024-01-01 06:29:00,/page_13,249.9542529991448,200,DELETE,249.9542529991448
2024-01-01 06:30:00,/page_8,128.7945914495717,200,GET,128.7945914495717
2024-01-01 06:31:00,/page_13,164.40319150326317,200,GET,164.40319150326317
2024-01-01 06:32:00,/page_4,238.76209959320295,200,GET,238.76209959320295
2024-01-01 06:33:00,/page_6,216.2138271239435,404,GET,216.2138271239435
2024-01-01 06:34:00,/page_6,166.02293747958117,200,GET,166.02293747958117
2024-01-01 06:35:00,/page_12,220.02342333485151,200,PUT,220.02342333485151
2024-01-01 06:36:00,/page_12,160.35197774567862,301,POST,160.35197774567862
2024-01-01 06:37:00,/page_17,184.4942084610387,200,GET,184.4942084610387
2024-01-01 06:38:00,/page_7,252.18594727712264,200,GET,252.18594727712264
2024-01-01 06:39:00,/page_15,246.65417885325903,200,PUT,246.65417885325903
2024-01-01 06:40:00,/page_17,214.4118378881962,404,GET,214.4118378881962
2024-01-01 06:41:00,/page_10,147.44254813733667,503,GET,147.44254813733667
2024-01-01 06:42:00,/page_6,181.1172424952615,201,GET,181.1172424952615
2024-01-01 06:43:00,/page_9,204.82328214046868,200,GET,204.82328214046868
2024-01-01 06:44:00,/page_15,272.77106940326337,200,GET,272.77106940326337
2024-01-01 06:45:00,/page_16,110.88152831786472,200,GET,110.88152831786472
2024-01-01 06:46:00,/page_8,156.39279765500703,200,GET,156.39279765500703
2024-01-01 06:47:00,/page_16,256.4301696061088,503,GET,256.4301696061088
2024-01-01 06:48:00,/page_5,268.0083538896998,200,GET,268.0083538896998
2024-01-01 06:49:00,/page_18,196.51431313610996,200,GET,196.51431313610996
2024-01-01 06:50:00,/page_14,276.9200370611622,404,POST,276.9200370611622
2024-01-01 06:51:00,/page_2,64.00478887336403,201,GET,64.00478887336403
2024-01-01 06:52:00,/page_3,124.53802979681905,200,GET,124.53802979681905
2024-01-01 06:53:00,/page_14,239.5115137839564,200,GET,239.5115137839564
2024-01-01 06:54:00,/page_7,825.6816952997727,200,GET,825.6816952997727
2024-01-01 06:55:00,/page_15,263.9014595991064,200,DELETE,263.9014595991064
2024-01-01 06:56:00,/page_17,156.82776968937108,200,GET,156.82776968937108
2024-01-01 06:57:00,/page_1,209.9689931409501,200,GET,209.9689931409501
2024-01-01 06:58:00,/page_9,241.99090234800215,503,POST,241.99090234800215
2024-01-01 06:59:00,/page_14,215.04888566158473,200,GET,215.04888566158473
2024-01-01 07:00:00,/page_16,272.3178354573072,200,GET,272.3178354573072
2024-01-01 07:01:00,/page_13,179.74770713993618,200,GET,179.74770713993618
2024-01-01 07:02:00,/page_6,196.46920948392457,200,POST,196.46920948392457
2024-01-01 07:03:00,/page_1,211.80952307527485,200,GET,211.80952307527485
2024-01-01 07:04:00,/page_4,241.62770696181005,500,POST,241.62770696181005
2024-01-01 07:05:00,/page_3,190.2770134399099,404,GET,190.2770134399099
2024-01-01 07:06:00,/page_17,246.37170719667043,200,GET,246.37170719667043
2024-01-01 07:07:00,/page_2,280.23123540274736,404,DELETE,280.23123540274736
2024-01-01 07:08:00,/page_19,174.09644237991645,200,GET,174.09644237991645
2024-01-01 07:09:00,/page_8,646.7738823915915,200,POST,646.7738823915915
2024-01-01 07:10:00,/page_15,248.3879795888077,200,POST,248.3879795888077
2024-01-01 07:11:00,/page_6,296.3764187068538,404,PUT,296.3764187068538
2024-01-01 07:12:00,/page_2,231.797964269056,200,GET,231.797964269056
2024-01-01 07:13:00,/page_15,160.68818649828927,200,GET,160.68818649828927
2024-01-01 07:14:00,/page_12,209.90861348615587,301,POST,209.90861348615587
2024-01-01 07:15:00,/page_3,248.0096675882746,200,GET,248.0096675882746
2024-01-01 07:16:00,/page_10,159.37157163135635,200,GET,159.37157163135635
2024-01-01 07:17:00,/page_14,146.08098983303458,200,GET,146.08098983303458
2024-01-01 07:18:00,/page_14,182.75084917218555,200,GET,182.75084917218555
2024-01-01 07:19:00,/page_3,232.9816774219296,200,GET,232.9816774219296
2024-01-01 07:20:00,/page_1,656.2382140556597,200,GET,656.2382140556597
2024-01-01 07:21:00,/page_1,165.34606061642134,500,GET,165.34606061642134
2024-01-01 07:22:00,/page_2,213.68299425736697,200,GET,213.68299425736697
2024-01-01 07:23:00,/page_19,254.52593768244083,200,GET,254.52593768244083
2024-01-01 07:24:00,/page_10,214.51053715477175,200,POST,214.51053715477175
2024-01-01 07:25:00,/page_4,218.73423919663452,301,POST,218.73423919663452
2024-01-01 07:26:00,/page_4,250.246085952488,503,GET,250.246085952488
2024-01-01 07:27:00,/page_13,279.86289052381557,200,GET,279.86289052381557
2024-01-01 07:28:00,/page_9,274.27559434327367,200,GET,274.27559434327367
2024-01-01 07:29:00,/page_7,97.93192019660113,400,GET,97.93192019660113
2024-01-01 07:30:00,/page_16,578.1171819948397,400,POST,578.1171819948397
2024-01-01 07:31:00,/page_18,245.6257932209043,200,POST,245.6257932209043
2024-01-01 07:32:00,/page_3,284.989336551062,200,POST,284.989336551062
2024-01-01 07:33:00,/page_10,232.0493305592617,200,GET,232.0493305592617
2024-01-01 07:34:00,/page_16,867.4448176817286,200,GET,867.4448176817286
2024-01-01 07:35:00,/page_3,163.6493565781544,500,GET,163.6493565781544
2024-01-01 07:36:00,/page_11,165.0484119535292,200,GET,165.0484119535292
2024-01-01 07:37:00,/page_10,215.37594406253044,200,GET,215.37594406253044
2024-01-01 07:38:00,/page_16,176.00889741877728,200,GET,176.00889741877728
2024-01-01 07:39:00,/page_8,47.76689174634401,200,GET,47.76689174634401
2024-01-01 07:40:00,/page_9,141.08554930357812,200,GET,141.08554930357812
2024-01-01 07:41:00,/page_15,177.78754392404355,200,GET,177.78754392404355
2024-01-01 07:42:00,/page_3,131.8758755039228,200,GET,131.8758755039228
2024-01-01 07:43:00,/page_4,139.3235275954599,200,DELETE,139.3235275954599
2024-01-01 07:44:00,/page_13,302.5485315245348,200,GET,302.5485315245348
2024-01-01 07:45:00,/page_12,199.56890529178017,400,GET,199.56890529178017
2024-01-01 07:46:00,/page_9,180.6942645310754,503,GET,180.6942645310754
2024-01-01 07:47:00,/page_14,233.36717138626852,200,PUT,233.36717138626852
2024-01-01 07:48:00,/page_19,1258.9371224683362,301,GET,1258.9371224683362
2024-01-01 07:49:00,/page_7,1467.5222595061489,200,POST,1467.5222595061489
2024-01-01 07:50:00,/page_16,285.2686509015054,200,GET,285.2686509015054
2024-01-01 07:51:00,/page_5,221.74044148125023,503,POST,221.74044148125023
2024-01-01 07:52:00,/page_10,123.35960498283973,200,GET,123.35960498283973
2024-01-01 07:53:00,/page_18,149.87588092965052,200,GET,149.87588092965052
2024-01-01 07:54:00,/page_11,179.9070776662593,503,GET,179.9070776662593
2024-01-01 07:55:00,/page_7,225.32816025346995,301,GET,225.32816025346995
2024-01-01 07:56:00,/page_14,204.71582606392155,200,POST,204.71582606392155
2024-01-01 07:57:00,/page_18,126.34866307107755,503,GET,126.34866307107755
2024-01-01 07:58:00,/page_11,117.41244861647412,200,GET,117.41244861647412
2024-01-01 07:59:00,/page_12,212.950402679187,200,DELETE,212.950402679187
2024-01-01 08:00:00,/page_18,206.00202751747105,200,GET,206.00202751747105
2024-01-01 08:01:00,/page_2,189.5061566194245,200,DELETE,189.5061566194245
2024-01-01 08:02:00,/page_1,224.14630270200465,200,GET,224.14630270200465
2024-01-01 08:03:00,/page_10,262.3406230447297,200,PUT,262.3406230447297
2024-01-01 08:04:00,/page_1,215.5034468332912,200,GET,215.5034468332912
2024-01-01 08:05:00,/page_6,152.91748226012018,200,GET,152.91748226012018
2024-01-01 08:06:00,/page_7,295.7609817834974,200,GET,295.7609817834974
2024-01-01 08:07:00,/page_17,191.18457586883304,200,GET,191.18457586883304
2024-01-01 08:08:00,/page_9,202.4998816463763,503,GET,202.4998816463763
2024-01-01 08:09:00,/page_7,167.31709808368515,200,GET,167.31709808368515
2024-01-01 08:10:00,/page_17,146.27932256683587,200,DELETE,146.27932256683587
2024-01-01 08:11:00,/page_3,150.35028232141352,200,DELETE,150.35028232141352
2024-01-01 08:12:00,/page_16,139.3602876465721,400,DELETE,139.3602876465721
2024-01-01 08:13:00,/page_5,49.50294598880423,200,DELETE,49.50294598880423
2024-01-01 08:14:00,/page_18,192.18701372382827,200,POST,192.18701372382827
2024-01-01 08:15:00,/page_1,255.11744277478817,200,DELETE,255.11744277478817
2024-01-01 08:16:00,/page_4,150.7843783286651,200,POST,150.7843783286651
2024-01-01 08:17:00,/page_11,327.9743944726362,200,GET,327.9743944726362
2024-01-01 08:18:00,/page_9,269.3188903640304,200,POST,269.3188903640304
2024-01-01 08:19:00,/page_8,199.0888082764639,500,PUT,199.0888082764639
